{"type":"Scene","props":{"width":900,"runtime":"Cryptos.Scene.GameScene","height":1900},"compId":2,"child":[{"type":"Image","props":{"y":950,"x":450,"width":900,"var":"imgBG","skin":"Cryptos/m/common/ui/img_frame01.png","sizeGrid":"50,50,50,50","name":"imgBG","height":1900,"bgColor":"#025c5c","anchorY":0.5,"anchorX":0.5},"compId":83},{"type":"MyBetViewCell_v","props":{"var":"viewBet","name":"viewBet","runtime":"Cryptos.View.CryptosMyBetViewCell"},"compId":82},{"type":"Sprite","props":{"y":0,"x":0,"width":900,"var":"viewLoading","name":"viewLoading","height":1900},"compId":77,"child":[{"type":"Sprite","props":{"y":0,"x":0},"compId":78},{"type":"Animation","props":{"y":900,"x":420,"source":"Cryptos/common/common/ani/loading.atlas","runtime":"Common.UI.DolAnimation","autoPlay":true},"compId":75,"child":[{"type":"Script","props":{"runtime":"Common.Script.AddAnimationScript"},"compId":76}]},{"type":"Script","props":{"maskTouchEvent":true,"maskColor":"#00000033","hasMask":true,"runtime":"Common.Script.AddSpriteDrawRectScript"},"compId":79}]},{"type":"HeaderView_v","props":{"y":0,"var":"viewHeader","right":0,"name":"viewHeader","left":0,"runtime":"Cryptos.View.CryptosHeaderView"},"compId":80}],"loadList":["Cryptos/m/common/ui/img_frame01.png","GameUI/Cryptos/View/MyBetViewCell_v.scene","GameUI/Cryptos/View/HeaderView_v.scene"],"loadList3D":[]}