{"type":"Scene","props":{"width":900,"runtime":"Common.Scene.GameLoadingScene","height":1900},"compId":2,"child":[{"type":"Sprite","props":{"y":0,"x":0,"width":900,"name":"spMask","height":1900},"compId":19,"child":[{"type":"Script","props":{"maskTouchEvent":false,"maskColor":"#000000","hasMask":true,"runtime":"Common.Script.AddSpriteDrawRectScript"},"compId":20}]},{"type":"Image","props":{"y":566,"skin":"Cryptos/common/common/ui/img_loading.png","name":"imgLogo","centerX":0},"compId":18},{"type":"GameLoadingBarNew","props":{"y":886,"x":450,"var":"loadingBar","name":"loadingBar","runtime":"Common.View.GameLoadingBarNew"},"compId":26},{"type":"Image","props":{"y":1000,"x":450,"visible":true,"skin":"Cryptos/m/en/ui/img_loading.png","name":"img1","anchorY":1,"anchorX":0.5},"compId":21,"child":[{"type":"Script","props":{"runtime":"Common.Script.AddLangSpriteScript"},"compId":22}]},{"type":"Image","props":{"y":1109,"x":450,"visible":true,"skin":"Cryptos/m/en/ui/img_loading_s.png","name":"img2","anchorY":1,"anchorX":0.5},"compId":24,"child":[{"type":"Script","props":{"runtime":"Common.Script.AddLangSpriteScript"},"compId":25}]}],"loadList":["Cryptos/common/common/ui/img_loading.png","GameUI/Cryptos/View/GameLoadingBarNew.scene","Cryptos/m/en/ui/img_loading.png","Cryptos/m/en/ui/img_loading_s.png"],"loadList3D":[]}