{"type":"View","props":{"width":375,"runtime":"BaseFSG.Base.View.AutoNumberCell","height":80},"compId":2,"child":[{"type":"Button","props":{"var":"btn","top":0,"stateNum":1,"skin":"Coin/m/common/ui/img_frame01_01.png","sizeGrid":"14,14,14,14","runtime":"Common.UI.DolButton","right":0,"name":"btn","left":0,"bottom":0},"compId":21,"child":[{"type":"Script","props":{"y":0,"x":0,"disabledSkin":"Coin/m/common/ui/img_frame01_02.png","runtime":"Common.Script.AddDolButtonScript"},"compId":23},{"type":"Image","props":{"var":"img","skin":"Coin/m/common/ui/btn_choose_01.png","name":"img","left":12,"centerY":0},"compId":24},{"type":"Label","props":{"var":"lbl","name":"lbl","fontSize":40,"color":"#ffffff","centerY":0,"centerX":0},"compId":25}]}],"loadList":["Coin/m/common/ui/img_frame01_01.png","Coin/m/common/ui/img_frame01_02.png","Coin/m/common/ui/btn_choose_01.png"],"loadList3D":[]}