{"type":"View","props":{"width":900,"runtime":"Coin.View.CoinAutoPlaySelected","height":1900},"compId":2,"child":[{"type":"Sprite","props":{"y":0,"x":0,"width":900,"var":"spMask","name":"spMask","height":1900},"compId":83,"child":[{"type":"Script","props":{"maskTouchEvent":true,"maskColor":"#00000055","hasMask":true,"clickCloseParent":true,"runtime":"Common.Script.AddSpriteDrawRectScript"},"compId":84}]},{"type":"Box","props":{"width":864,"var":"box","name":"box","height":1280,"centerY":0,"centerX":0,"anchorY":0.5,"anchorX":0.5},"compId":85,"child":[{"type":"Image","props":{"top":0,"skin":"Coin/m/common/ui/img_windowBg.png","sizeGrid":"30,30,30,30","right":0,"left":0,"bottom":0},"compId":3},{"type":"Image","props":{"y":100,"x":0,"width":860,"skin":"Coin/m/common/ui/img_frameLine_03.png"},"compId":4},{"type":"Image","props":{"y":53,"x":37,"skin":"Coin/m/en/ui/img_title_autoPlay.png","anchorY":0.5},"compId":18,"child":[{"type":"Script","props":{"runtime":"Common.Script.AddLangSpriteScript"},"compId":19}]},{"type":"Button","props":{"y":51.5,"var":"btnClose","stateNum":1,"skin":"Coin/m/common/ui/btn_close.png","right":25,"name":"btnClose","anchorY":0.5,"anchorX":1},"compId":17},{"type":"Box","props":{"y":144,"var":"nodeMoveDown","right":24,"name":"nodeMoveDown","left":24,"height":741},"compId":67,"child":[{"type":"Box","props":{"styleSkin":"Coin/common/common/ui/bg_frame_4.png","sizeGrid":"32,16,32,12","right":0,"left":0,"height":255},"compId":172,"child":[{"type":"Image","props":{"top":0,"skin":"Coin/m/common/ui/bg_frame_4.png","sizeGrid":"32,16,32,12","right":0,"left":0,"bottom":0},"compId":218},{"type":"Image","props":{"y":32,"skin":"Coin/m/ms/ui/img_autoPlay_direction.png","sizeGrid":"32,16,32,12","centerX":0,"anchorY":0.5,"anchorX":0.5},"compId":173,"child":[{"type":"Script","props":{"runtime":"Common.Script.AddLangSpriteScript"},"compId":174}]},{"type":"AutoNumberCell_v","props":{"y":64,"var":"btnB","runtime":"BaseFSG.Base.View.AutoNumberCell","right":18,"name":"btnB","left":18,"height":80},"compId":221,"child":[{"type":"Image","props":{"x":80,"skin":"Coin/m/common/ui/img_i1.png","centerY":0},"compId":224}]},{"type":"AutoNumberCell_v","props":{"y":159,"var":"btnA","runtime":"BaseFSG.Base.View.AutoNumberCell","right":18,"name":"btnA","left":18,"height":80},"compId":222,"child":[{"type":"Image","props":{"x":80,"skin":"Coin/m/common/ui/img_i2.png","centerY":0},"compId":225}]}]},{"type":"Box","props":{"y":291,"styleSkin":"Coin/common/common/ui/bg_frame_4.png","sizeGrid":"32,16,32,12","right":0,"left":0,"height":360},"compId":93,"child":[{"type":"Image","props":{"top":0,"skin":"Coin/m/common/ui/bg_frame_4.png","sizeGrid":"25,25,25,25","right":0,"left":0,"bottom":0},"compId":219},{"type":"Image","props":{"y":32,"skin":"Coin/m/en/ui/img_autoPlay_num.png","sizeGrid":"32,16,32,12","centerX":0,"anchorY":0.5,"anchorX":0.5},"compId":94,"child":[{"type":"Script","props":{"runtime":"Common.Script.AddLangSpriteScript"},"compId":95}]},{"type":"Panel","props":{"var":"pList","vScrollBarSkin":"Coin/m/common/ui/vscroll.png","top":60,"right":0,"name":"pList","left":0,"bottom":10},"compId":103}]},{"type":"Box","props":{"y":696,"x":0,"right":0,"left":0,"height":110},"compId":36,"child":[{"type":"Image","props":{"var":"imgDown","top":0,"skin":"Coin/m/common/ui/img_frame01_01.png","sizeGrid":"10,10,10,10","right":0,"left":0,"bottom":0},"compId":14},{"type":"CheckBox","props":{"x":24,"var":"chkDownStop","skin":"Coin/m/common/ui/btn_check.png","name":"chkDownStop","centerY":0,"anchorY":0.5},"compId":37},{"type":"Image","props":{"x":107,"var":"imgTxtDown","skin":"Coin/m/en/ui/img_autoPlay_01.png","name":"imgTxtDown","centerY":0,"anchorY":0.5},"compId":77,"child":[{"type":"Script","props":{"runtime":"Common.Script.AddLangSpriteScript"},"compId":78}]},{"type":"Image","props":{"width":370,"skin":"Coin/m/common/ui/img_windowBg_02.png","sizeGrid":"30,38,30,38","right":20,"centerY":0},"compId":42,"child":[{"type":"Label","props":{"y":26,"x":235,"visible":false,"var":"imgDownSign","text":"$","styleSkin":"Coin/common/common/ui/img_money_2.png","sizeGrid":"35,16,32,12","name":"imgDownSign","fontSize":30,"color":"#FFFFFF","centerY":0,"anchorY":0.5,"anchorX":0.5},"compId":45},{"type":"Button","props":{"y":26,"var":"btnDownAdd","stateNum":2,"skin":"Coin/m/common/ui/btn_add.png","right":5,"name":"btnDownAdd","centerY":0,"anchorY":0.5},"compId":43},{"type":"Button","props":{"x":5,"var":"btnDownMin","stateNum":2,"skin":"Coin/m/common/ui/btn_dec.png","name":"btnDownMin","centerY":0,"anchorY":0.5},"compId":44},{"type":"Label","props":{"x":185,"var":"txtNumDown","valign":"middle","text":"0.00","styleSkin":"comp/textinput.png","name":"txtNumDown","fontSize":32,"color":"#FFFFFF","centerY":1,"centerX":0,"anchorY":0.5,"anchorX":0.5,"align":"center"},"compId":72},{"type":"Button","props":{"zOrder":10,"var":"btnNumDown","top":0,"right":60,"name":"btnNumDown","left":60,"height":60,"alpha":0},"compId":86}]}]},{"type":"Box","props":{"y":829,"x":0,"right":0,"left":0,"height":110},"compId":121,"child":[{"type":"Image","props":{"var":"imgSigle","top":0,"skin":"Coin/m/common/ui/img_frame01_01.png","sizeGrid":"10,10,10,10","right":0,"left":0,"bottom":0},"compId":122},{"type":"CheckBox","props":{"y":40,"x":17,"var":"chkSigleStop","skin":"Coin/m/common/ui/btn_check.png","name":"chkSigleStop","centerY":0,"anchorY":0.5},"compId":123},{"type":"Image","props":{"x":107,"var":"imgTxtSigle","skin":"Coin/m/en/ui/img_autoPlay_02.png","name":"imgTxtSigle","centerY":0,"anchorY":0.5},"compId":124,"child":[{"type":"Script","props":{"runtime":"Common.Script.AddLangSpriteScript"},"compId":125}]},{"type":"Image","props":{"width":370,"skin":"Coin/m/common/ui/img_windowBg_02.png","sizeGrid":"30,38,30,38","right":20,"centerY":0},"compId":126,"child":[{"type":"Label","props":{"y":26,"x":235,"visible":false,"var":"imgSigleSign","text":"$","styleSkin":"Coin/common/common/ui/img_money_2.png","sizeGrid":"35,16,32,12","name":"imgSigleSign","fontSize":30,"color":"#FFFFFF","centerY":0,"anchorY":0.5,"anchorX":0.5},"compId":127},{"type":"Button","props":{"y":26,"var":"btnSigleAdd","stateNum":2,"skin":"Coin/m/common/ui/btn_add.png","right":5,"name":"btnSigleAdd","centerY":0,"anchorY":0.5},"compId":128},{"type":"Button","props":{"x":5,"var":"btnSigleMin","stateNum":2,"skin":"Coin/m/common/ui/btn_dec.png","name":"btnSigleMin","centerY":0,"anchorY":0.5},"compId":129},{"type":"Label","props":{"x":185,"var":"txtNumSigle","valign":"middle","text":"0.00","styleSkin":"comp/textinput.png","name":"txtNumSigle","fontSize":32,"color":"#FFFFFF","centerY":1,"centerX":0,"anchorY":0.5,"anchorX":0.5,"align":"center"},"compId":130},{"type":"Button","props":{"zOrder":10,"y":0,"var":"btnNumSigle","top":0,"right":60,"name":"btnNumSigle","left":60,"height":60,"alpha":0},"compId":131}]},{"type":"Box","props":{},"compId":217}]},{"type":"Button","props":{"y":1052,"x":414,"var":"btnStart","stateNum":2,"skin":"Coin/m/en/ui/btn_startAuto_0.png","runtime":"Common.UI.DolButton","name":"btnStart","labelPadding":"-3","centerX":6,"anchorY":0.5,"anchorX":0.5},"compId":65,"child":[{"type":"Script","props":{"y":42,"x":341,"runtime":"Common.Script.AddLangSpriteScript"},"compId":92},{"type":"Script","props":{"disabledSkin":"Coin/m/en/ui/btn_startAuto_03.png","runtime":"Common.Script.AddDolButtonScript"},"compId":223}]}]},{"type":"Button","props":{"width":900,"visible":false,"var":"btnHide","skin":"Coin/common/common/ui/input.png","name":"btnHide","height":1900,"centerY":0,"centerX":0},"compId":170},{"type":"Box","props":{"y":385,"x":250,"width":590,"visible":false,"var":"imgKeyboard","styleSkin":"Coin/m/common/ui/img_enterBg2.png","sizeGrid":"47,56,71,53","name":"imgKeyboard","height":465},"compId":188,"child":[{"type":"Image","props":{"top":0,"skin":"Coin/m/common/ui/img_keyboard_Bg.png","sizeGrid":"20,20,20,20","right":0,"left":0,"bottom":0},"compId":220},{"type":"Button","props":{"y":62,"var":"btnNum1","stateNum":2,"skin":"Coin/m/common/ui/btn_enter_2.png","name":"btnNum1","left":40,"anchorY":0.5,"anchorX":0.5},"compId":189,"child":[{"type":"Image","props":{"skin":"Coin/m/common/ui/img_k1.png","centerY":0,"centerX":0,"anchorY":0.5,"anchorX":0.5},"compId":190}]},{"type":"Button","props":{"y":62,"x":296,"var":"btnNum2","stateNum":2,"skin":"Coin/m/common/ui/btn_enter_2.png","name":"btnNum2","anchorY":0.5,"anchorX":0.5},"compId":191,"child":[{"type":"Image","props":{"skin":"Coin/m/common/ui/img_k2.png","centerY":0,"centerX":0,"anchorY":0.5,"anchorX":0.5},"compId":192}]},{"type":"Button","props":{"y":62,"width":168,"var":"btnNum3","stateNum":2,"skin":"Coin/m/common/ui/btn_enter_2.png","right":40,"name":"btnNum3","height":78,"anchorY":0.5,"anchorX":0.5},"compId":193,"child":[{"type":"Image","props":{"skin":"Coin/m/common/ui/img_k3.png","centerY":0,"centerX":0,"anchorY":0.5,"anchorX":0.5},"compId":194}]},{"type":"Button","props":{"y":146,"var":"btnNum4","stateNum":2,"skin":"Coin/m/common/ui/btn_enter_2.png","name":"btnNum4","left":40,"anchorY":0.5,"anchorX":0.5},"compId":195,"child":[{"type":"Image","props":{"skin":"Coin/m/common/ui/img_k4.png","centerY":0,"centerX":0,"anchorY":0.5,"anchorX":0.5},"compId":196}]},{"type":"Button","props":{"y":146,"var":"btnNum5","stateNum":2,"skin":"Coin/m/common/ui/btn_enter_2.png","name":"btnNum5","centerX":0,"anchorY":0.5,"anchorX":0.5},"compId":197,"child":[{"type":"Image","props":{"skin":"Coin/m/common/ui/img_k5.png","centerY":0,"centerX":0,"anchorY":0.5,"anchorX":0.5},"compId":198}]},{"type":"Button","props":{"y":146,"var":"btnNum6","stateNum":2,"skin":"Coin/m/common/ui/btn_enter_2.png","right":40,"name":"btnNum6","anchorY":0.5,"anchorX":0.5},"compId":199,"child":[{"type":"Image","props":{"skin":"Coin/m/common/ui/img_k6.png","centerY":0,"centerX":0,"anchorY":0.5,"anchorX":0.5},"compId":200}]},{"type":"Button","props":{"y":230,"var":"btnNum7","stateNum":2,"skin":"Coin/m/common/ui/btn_enter_2.png","name":"btnNum7","left":40,"anchorY":0.5,"anchorX":0.5},"compId":201,"child":[{"type":"Image","props":{"skin":"Coin/m/common/ui/img_k7.png","centerY":0,"centerX":0,"anchorY":0.5,"anchorX":0.5},"compId":202}]},{"type":"Button","props":{"y":230,"var":"btnNum8","stateNum":2,"skin":"Coin/m/common/ui/btn_enter_2.png","name":"btnNum8","centerX":0,"anchorY":0.5,"anchorX":0.5},"compId":203,"child":[{"type":"Image","props":{"skin":"Coin/m/common/ui/img_k8.png","centerY":0,"centerX":0,"anchorY":0.5,"anchorX":0.5},"compId":204}]},{"type":"Button","props":{"y":230,"var":"btnNum9","stateNum":2,"skin":"Coin/m/common/ui/btn_enter_2.png","right":40,"name":"btnNum9","anchorY":0.5},"compId":205,"child":[{"type":"Image","props":{"skin":"Coin/m/common/ui/img_k9.png","centerY":0,"centerX":0,"anchorY":0.5,"anchorX":0.5},"compId":206}]},{"type":"Button","props":{"y":274,"var":"btnNumDot","stateNum":2,"skin":"Coin/m/common/ui/btn_enter_2.png","name":"btnNumDot","left":40},"compId":207,"child":[{"type":"Image","props":{"skin":"Coin/m/common/ui/img_kDot.png","centerY":0,"centerX":0,"anchorY":0.5,"anchorX":0.5},"compId":208}]},{"type":"Button","props":{"y":274,"var":"btnNum0","stateNum":2,"skin":"Coin/m/common/ui/btn_enter_2.png","name":"btnNum0","centerX":0},"compId":209,"child":[{"type":"Image","props":{"skin":"Coin/m/common/ui/img_k0.png","centerY":0,"centerX":0,"anchorY":0.5,"anchorX":0.5},"compId":210}]},{"type":"Button","props":{"y":274,"var":"btnDel","stateNum":2,"skin":"Coin/m/common/ui/btn_enter_2.png","right":40,"name":"btnDel"},"compId":211,"child":[{"type":"Image","props":{"skin":"Coin/m/common/ui/btn_enterDelete.png","centerY":0,"centerX":0,"anchorY":0.5,"anchorX":0.5},"compId":212}]},{"type":"Button","props":{"var":"btnOK","stateNum":1,"skin":"Coin/m/common/ui/btn_enterOk_button2.png","sizeGrid":"21,20,21,20","right":40,"name":"btnOK","left":40,"bottom":56,"anchorY":0.5,"anchorX":0.5},"compId":213,"child":[{"type":"Image","props":{"skin":"Coin/m/common/ui/btn_enterOk.png","centerY":0,"centerX":0},"compId":214}]}]}]}],"loadList":["Coin/m/common/ui/img_windowBg.png","Coin/m/common/ui/img_frameLine_03.png","Coin/m/en/ui/img_title_autoPlay.png","Coin/m/common/ui/btn_close.png","Coin/common/common/ui/bg_frame_4.png","Coin/m/common/ui/bg_frame_4.png","Coin/m/ms/ui/img_autoPlay_direction.png","GameUI/Coin/View/AutoNumberCell_v.scene","Coin/m/common/ui/img_i1.png","Coin/m/common/ui/img_i2.png","Coin/m/en/ui/img_autoPlay_num.png","Coin/m/common/ui/vscroll.png","Coin/m/common/ui/img_frame01_01.png","Coin/m/common/ui/btn_check.png","Coin/m/en/ui/img_autoPlay_01.png","Coin/m/common/ui/img_windowBg_02.png","Coin/common/common/ui/img_money_2.png","Coin/m/common/ui/btn_add.png","Coin/m/common/ui/btn_dec.png","comp/textinput.png","Coin/m/en/ui/img_autoPlay_02.png","Coin/m/en/ui/btn_startAuto_0.png","Coin/m/en/ui/btn_startAuto_03.png","Coin/common/common/ui/input.png","Coin/m/common/ui/img_enterBg2.png","Coin/m/common/ui/img_keyboard_Bg.png","Coin/m/common/ui/btn_enter_2.png","Coin/m/common/ui/img_k1.png","Coin/m/common/ui/img_k2.png","Coin/m/common/ui/img_k3.png","Coin/m/common/ui/img_k4.png","Coin/m/common/ui/img_k5.png","Coin/m/common/ui/img_k6.png","Coin/m/common/ui/img_k7.png","Coin/m/common/ui/img_k8.png","Coin/m/common/ui/img_k9.png","Coin/m/common/ui/img_kDot.png","Coin/m/common/ui/img_k0.png","Coin/m/common/ui/btn_enterDelete.png","Coin/m/common/ui/btn_enterOk_button2.png","Coin/m/common/ui/btn_enterOk.png"],"loadList3D":[]}