{"type":"View","props":{"width":900,"runtime":"Coin.View.CoinCheckRoundSeed","height":1900},"compId":2,"child":[{"type":"Sprite","props":{"y":0,"x":0,"width":900,"var":"spMask","name":"spMask","mouseEnabled":false,"height":1900},"compId":56,"child":[{"type":"Script","props":{"maskTouchEvent":true,"maskColor":"#00000055","hasMask":true,"clickCloseParent":true,"runtime":"Common.Script.AddSpriteDrawRectScript"},"compId":57}]},{"type":"Button","props":{"y":950,"x":450,"width":860,"skin":"Coin/m/common/ui/input.png","label":"label","height":1500,"centerY":0,"centerX":0,"anchorY":0.5,"anchorX":0.5},"compId":132},{"type":"Box","props":{"y":950,"x":450,"width":870,"visible":true,"var":"spK","name":"spK","height":1480,"anchorY":0.5,"anchorX":0.5},"compId":3,"child":[{"type":"Image","props":{"top":0,"skin":"Coin/m/common/ui/img_windowBg.png","sizeGrid":"35,35,35,35","right":0,"left":0,"bottom":0,"anchorX":0.5},"compId":4},{"type":"Image","props":{"y":245,"skin":"Coin/m/common/ui/img_frame_03.png","sizeGrid":"26,12,26,12","right":25,"left":25,"height":200,"anchorX":0.5},"compId":102,"child":[{"type":"Image","props":{"y":42,"x":177,"skin":"Coin/m/hi/ui/img_gameResult_01.png","anchorY":0.5,"anchorX":1},"compId":103,"child":[{"type":"Script","props":{"runtime":"Common.Script.AddLangSpriteScript"},"compId":115}]},{"type":"Label","props":{"y":42,"x":187,"var":"lblBetMoney","text":"0.3 USD","name":"lblBetMoney","fontSize":32,"color":"#ffffff","anchorY":0.5},"compId":104},{"type":"Image","props":{"y":42,"x":540,"skin":"Coin/m/hi/ui/img_gameResult_02.png","anchorY":0.5,"anchorX":1},"compId":105,"child":[{"type":"Script","props":{"runtime":"Common.Script.AddLangSpriteScript"},"compId":116}]},{"type":"Image","props":{"y":105,"x":177,"skin":"Coin/m/hi/ui/img_gameResult_03.png","anchorY":0.5,"anchorX":1},"compId":107,"child":[{"type":"Script","props":{"runtime":"Common.Script.AddLangSpriteScript"},"compId":117}]},{"type":"Label","props":{"y":105,"x":187,"var":"lblTarget","valign":"middle","text":"0.3USD","name":"lblTarget","fontSize":32,"color":"#ffffff","anchorY":0.5},"compId":108},{"type":"Image","props":{"y":168,"x":177,"skin":"Coin/m/hi/ui/img_gameResult_05.png","anchorY":0.5,"anchorX":1},"compId":109,"child":[{"type":"Script","props":{"runtime":"Common.Script.AddLangSpriteScript"},"compId":118}]},{"type":"Label","props":{"y":42,"x":550,"var":"lblCash","text":"0.3 USD","name":"lblCash","fontSize":32,"color":"#7aff00","anchorY":0.5},"compId":113},{"type":"Image","props":{"y":168,"x":186,"var":"imgResult","skin":"Coin/m/common/ui/img_number01_k.png","name":"imgResult","anchorY":0.5},"compId":111,"child":[{"type":"Label","props":{"var":"lblResult","text":"0.3 USD","name":"lblResult","fontSize":32,"color":"#ffffff","centerY":2,"centerX":0,"bold":true,"anchorY":0.5,"anchorX":0.5},"compId":110}]},{"type":"Image","props":{"y":105,"x":540,"skin":"Coin/m/hi/ui/img_gameResult_04.png","anchorY":0.5,"anchorX":1},"compId":129,"child":[{"type":"Script","props":{"runtime":"Common.Script.AddLangSpriteScript"},"compId":131}]},{"type":"Label","props":{"y":105,"x":551,"var":"lblMul","text":"0.3 USD","name":"lblMul","fontSize":32,"color":"#ffffff","anchorY":0.5},"compId":130},{"type":"Label","props":{"x":485,"var":"lblRule","name":"lblRule","fontSize":32,"color":"#ffffff","centerY":68,"centerX":75,"bold":true,"anchorY":0.5,"anchorX":0},"compId":133}]},{"type":"Image","props":{"y":100,"skin":"Coin/m/common/ui/img_frameLine_03.png","right":2,"left":2,"anchorX":0.5},"compId":69},{"type":"Image","props":{"y":-267,"x":-30870,"skin":"Coin/m/common/ui/img_windowBg_01.png","sizeGrid":"24,24,24,24"},"compId":75},{"type":"Box","props":{"var":"tab1","top":470,"right":25,"name":"tab1","left":25,"bottom":40},"compId":73,"child":[{"type":"Image","props":{"top":0,"skin":"Coin/m/common/ui/img_frame_03.png","sizeGrid":"27,12,27,12","right":0,"left":0,"bottom":0,"anchorX":0.5},"compId":101},{"type":"Box","props":{"y":0,"right":0,"left":0,"height":210},"compId":22,"child":[{"type":"Image","props":{"y":42,"x":63,"skin":"Coin/m/common/ui/btn_iconRound1.png","anchorY":0},"compId":15},{"type":"Image","props":{"y":80.5,"x":158,"skin":"Coin/m/en/ui/img_validationData_01.png","anchorY":0.5},"compId":17,"child":[{"type":"Script","props":{"runtime":"Common.Script.AddLangSpriteScript"},"compId":18}]},{"type":"Image","props":{"y":139,"skin":"Coin/m/common/ui/img_seed_bg.png","sizeGrid":"30,50,30,50","right":170,"left":63},"compId":23,"child":[{"type":"Label","props":{"y":33,"var":"labSeed1","valign":"middle","text":"keiolKP[E89JDPOW890来89ifufd;IlkeiolKP[E89JDPOW890来89ifufd;Il","name":"labSeed1","left":20,"fontSize":32,"color":"#ffffff","centerY":0,"anchorY":0.5,"align":"left"},"compId":26}]},{"type":"Button","props":{"y":172,"x":672,"var":"btnCopy","stateNum":2,"skin":"Coin/m/common/ui/btn_copy_0.png","name":"btnCopy","anchorY":0.5},"compId":65},{"type":"Button","props":{"y":78,"x":401,"var":"btnFair","stateNum":2,"skin":"Coin/m/en/ui/btn_whatIsprovablyFair_0.png","name":"btnFair","anchorY":0.5},"compId":71,"child":[{"type":"Script","props":{"y":0,"x":0,"runtime":"Common.Script.AddLangSpriteScript"},"compId":119}]}]},{"type":"Box","props":{"y":250,"right":0,"left":0},"compId":27,"child":[{"type":"Image","props":{"y":0,"x":62,"skin":"Coin/m/common/ui/btn_iconRound1.png"},"compId":28},{"type":"Image","props":{"y":36.5,"x":158,"skin":"Coin/m/en/ui/img_validationData_02.png","anchorY":0.5},"compId":29,"child":[{"type":"Script","props":{"runtime":"Common.Script.AddLangSpriteScript"},"compId":30}]},{"type":"Image","props":{"y":95,"skin":"Coin/m/common/ui/img_seed_bg.png","sizeGrid":"30,50,30,50","right":63,"left":63},"compId":31,"child":[{"type":"Label","props":{"y":-14,"x":20,"var":"labSeed2","text":"keiolKP[E89JDPOW890来89ifufd;IlkeiolKP[E89JDPOW890来89ifufd;Il","name":"labSeed2","fontSize":32,"color":"#ffffff","centerY":0,"anchorY":0.5},"compId":32}]}]},{"type":"Image","props":{"y":443,"x":61,"skin":"Coin/m/common/ui/btn_iconRound2.png"},"compId":39},{"type":"Image","props":{"y":483,"x":158,"skin":"Coin/m/en/ui/img_validationData_03.png","anchorY":0.5,"anchorX":0},"compId":40,"child":[{"type":"Script","props":{"runtime":"Common.Script.AddLangSpriteScript"},"compId":41}]},{"type":"Label","props":{"y":483,"x":520,"var":"labResult","text":"1.40","name":"labResult","fontSize":32,"color":"#ffffff","bold":false,"anchorY":0.5},"compId":43},{"type":"Box","props":{"y":555,"right":0,"left":0},"compId":44,"child":[{"type":"Image","props":{"y":-0.5,"x":62,"skin":"Coin/m/common/ui/btn_iconRound1.png"},"compId":45},{"type":"Image","props":{"y":37,"x":158,"skin":"Coin/m/en/ui/img_validationData_04.png","anchorY":0.5},"compId":46,"child":[{"type":"Script","props":{"runtime":"Common.Script.AddLangSpriteScript"},"compId":47}]},{"type":"Image","props":{"y":97,"skin":"Coin/m/common/ui/img_seed_bg.png","sizeGrid":"30,50,30,50","right":63,"left":63},"compId":48,"child":[{"type":"Label","props":{"y":33,"x":20,"var":"labSeed3","text":"keiolKP[E89JDPOW890来89ifufd;Ilk","name":"labSeed3","fontSize":32,"color":"#ffffff","centerY":0,"anchorY":0.5},"compId":49}]}]},{"type":"Box","props":{"y":760,"right":0,"left":0},"compId":50,"child":[{"type":"Image","props":{"y":1,"x":61,"skin":"Coin/m/common/ui/btn_iconRound3.png"},"compId":51},{"type":"Image","props":{"y":38.5,"x":157,"skin":"Coin/m/en/ui/img_validationData_05.png","anchorY":0.5},"compId":52,"child":[{"type":"Script","props":{"runtime":"Common.Script.AddLangSpriteScript"},"compId":53}]},{"type":"Image","props":{"y":92,"skin":"Coin/m/common/ui/img_seed_bg.png","sizeGrid":"30,50,30,50","right":63,"left":63},"compId":54,"child":[{"type":"Label","props":{"y":33,"x":20,"var":"labSeed4","text":"keiolKP[E89JDPOW890来89ifufd;IlkeiolKP[E89JDPOW890来89ifufd;Il","name":"labSeed4","fontSize":32,"color":"#ffffff","centerY":0,"anchorY":0.5},"compId":55}]}]}]},{"type":"Image","props":{"y":53.5,"x":39.5,"skin":"Coin/m/en/ui/img_title_roundDetails.png","anchorY":0.5,"anchorX":0},"compId":8,"child":[{"type":"Script","props":{"runtime":"Common.Script.AddLangSpriteScript"},"compId":9}]},{"type":"Label","props":{"y":160,"var":"labRoundNumber","text":"N2135926","right":50,"name":"labRoundNumber","fontSize":32,"color":"#ffffff","anchorY":0.5},"compId":10},{"type":"Label","props":{"y":160,"x":35,"var":"labTimeStr","text":"11:21:00","name":"labTimeStr","fontSize":32,"color":"#ffffff","anchorY":0.5},"compId":13},{"type":"Button","props":{"y":52,"x":844.5,"var":"btnClose","stateNum":1,"skin":"Coin/m/common/ui/btn_close.png","name":"btnClose","anchorY":0.5,"anchorX":1},"compId":14},{"type":"Image","props":{"y":220,"x":435,"skin":"Coin/m/common/ui/img_frameLine_03.png","right":2,"left":2,"anchorX":0.5},"compId":125},{"type":"Button","props":{"y":160,"x":370,"width":450,"var":"btnCopy2","stateNum":2,"skin":"Common/common/common/comp/transparent.png","sizeGrid":"0,0,0,0","name":"btnCopy2","height":50,"anchorY":0.5},"compId":134,"child":[{"type":"Script","props":{"y":0,"x":0,"runtime":"Common.Script.AddDolButtonScript"},"compId":135}]}]}],"loadList":["Coin/m/common/ui/input.png","Coin/m/common/ui/img_windowBg.png","Coin/m/common/ui/img_frame_03.png","Coin/m/hi/ui/img_gameResult_01.png","Coin/m/hi/ui/img_gameResult_02.png","Coin/m/hi/ui/img_gameResult_03.png","Coin/m/hi/ui/img_gameResult_05.png","Coin/m/common/ui/img_number01_k.png","Coin/m/hi/ui/img_gameResult_04.png","Coin/m/common/ui/img_frameLine_03.png","Coin/m/common/ui/img_windowBg_01.png","Coin/m/common/ui/btn_iconRound1.png","Coin/m/en/ui/img_validationData_01.png","Coin/m/common/ui/img_seed_bg.png","Coin/m/common/ui/btn_copy_0.png","Coin/m/en/ui/btn_whatIsprovablyFair_0.png","Coin/m/en/ui/img_validationData_02.png","Coin/m/common/ui/btn_iconRound2.png","Coin/m/en/ui/img_validationData_03.png","Coin/m/en/ui/img_validationData_04.png","Coin/m/common/ui/btn_iconRound3.png","Coin/m/en/ui/img_validationData_05.png","Coin/m/en/ui/img_title_roundDetails.png","Coin/m/common/ui/btn_close.png","Common/common/common/comp/transparent.png"],"loadList3D":[]}