{"type":"View","props":{"width":900,"runtime":"BaseFSG.Base.View.DetailedRules","height":1900},"compId":2,"child":[{"type":"Sprite","props":{"y":0,"x":0,"width":900,"var":"spMask","name":"spMask","height":1900},"compId":28,"child":[{"type":"Script","props":{"maskTouchEvent":true,"maskColor":"#00000055","hasMask":true,"clickCloseParent":true,"runtime":"Common.Script.AddSpriteDrawRectScript"},"compId":29}]},{"type":"Box","props":{"y":950,"x":450,"width":810,"visible":true,"var":"box","name":"box","height":941,"anchorY":0.5,"anchorX":0.5},"compId":3,"child":[{"type":"Image","props":{"top":0,"skin":"Coin/m/common/ui/img_windowBg.png","sizeGrid":"35,35,35,35","right":0,"left":0,"bottom":0},"compId":4},{"type":"Image","props":{"y":36,"x":30,"skin":"Coin/m/en/ui/img_title_howToplay.png","anchorY":0.5},"compId":36,"child":[{"type":"Script","props":{"runtime":"Common.Script.AddLangSpriteScript"},"compId":39}]},{"type":"Image","props":{"y":72,"skin":"Coin/m/common/ui/img_frameLine_03.png","right":0,"left":0},"compId":5},{"type":"Button","props":{"y":36,"var":"btnClose","stateNum":1,"skin":"Coin/m/common/ui/btn_close.png","right":22,"name":"btnClose","anchorY":0.5},"compId":8},{"type":"Button","props":{"var":"btnDeepKnow","stateNum":2,"skin":"Coin/m/en/ui/btn_whatIsprovablyFair_0.png","sizeGrid":"23,32,23,30","name":"btnDeepKnow","centerX":0,"bottom":23},"compId":25,"child":[{"type":"Script","props":{"y":0,"x":0,"runtime":"Common.Script.AddLangSpriteScript"},"compId":43}]}]},{"type":"Sprite","props":{"y":575,"x":76,"width":748,"var":"si","name":"si","height":740},"compId":37}],"loadList":["Coin/m/common/ui/img_windowBg.png","Coin/m/en/ui/img_title_howToplay.png","Coin/m/common/ui/img_frameLine_03.png","Coin/m/common/ui/btn_close.png","Coin/m/en/ui/btn_whatIsprovablyFair_0.png"],"loadList3D":[]}