{"type":"Scene","props":{"visible":true,"runtime":"Common.View.GameLoadingBarNew"},"compId":2,"child":[{"type":"ImageNumber","props":{"y":-2,"x":180,"var":"lblPercentage","text":"88","skin":"Coin/common/common/ui/img_loading_0","runtime":"Common.UI.ImageNumber","offsetType":"imgWithFixed","offset":0,"name":"lblPercentage","align":"right"},"compId":9},{"type":"Image","props":{"y":-2,"x":180,"var":"imgPorcentaje","skin":"Coin/common/common/ui/img_loading_percentage.png","name":"imgPorcentaje","anchorY":0.5},"compId":17},{"type":"Sprite","props":{"var":"progress","runtime":"Common.UI.DolProgress","name":"progress"},"compId":21,"child":[{"type":"Image","props":{"y":0,"x":0,"width":279,"skin":"Coin/common/common/ui/loading.png","sizeGrid":"0,8,0,7","name":"bg","anchorY":0.5,"anchorX":0.5},"compId":22},{"type":"Image","props":{"x":-140,"width":279,"skin":"Coin/common/common/ui/loading$bar.png","sizeGrid":"0,0,0,8","name":"pro","anchorY":0.5},"compId":23}]}],"loadList":["Coin/common/common/ui/img_loading_percentage.png","Coin/common/common/ui/loading.png","Coin/common/common/ui/loading$bar.png"],"loadList3D":[]}