{"type":"View","props":{"x":0,"width":900,"runtime":"BaseFSG.Base.View.HeaderView","right":0,"left":0,"height":1900},"compId":2,"child":[{"type":"Image","props":{"y":1877.5,"x":450,"width":900,"var":"imgBG","sizeGrid":"25,30,25,30","name":"imgBG","height":55,"anchorY":1,"anchorX":0.5},"compId":16,"child":[{"type":"Button","props":{"x":818,"var":"btnSetting","stateNum":2,"skin":"Coin/m/common/ui/btn_setUp_0.png","runtime":"Common.UI.DolButton","name":"btnSetting","centerY":0,"anchorY":0.5},"compId":6,"child":[{"type":"Script","props":{"y":0,"x":0,"disabledSkin":"Coin/m/common/ui/btn_setUp_03.png","runtime":"Common.Script.AddDolButtonScript"},"compId":29}]},{"type":"Image","props":{"x":603,"width":200,"var":"imgBalance","skin":"Coin/m/common/ui/input.png","name":"imgBalance","height":38,"centerY":0,"anchorY":0.5},"compId":9,"child":[{"type":"Label","props":{"var":"lbBalance","text":"0.00","name":"lbBalance","fontSize":32,"color":"#ffffff","centerY":0,"centerX":0,"anchorY":0.5,"anchorX":0.5},"compId":10}]},{"type":"Image","props":{"x":596,"width":220,"var":"imgWin","skin":"Coin/m/common/ui/img_num_01.png","sizeGrid":"20,20,20,20","name":"imgWin","centerY":0,"anchorY":0.5,"anchorX":1},"compId":20,"child":[{"type":"Label","props":{"var":"lblWin","text":"0","name":"lblWin","fontSize":32,"color":"#ffffff","centerY":0,"centerX":0,"anchorY":0.5,"anchorX":0.5},"compId":21}]},{"type":"Button","props":{"x":23,"var":"btnHelp","stateNum":1,"skin":"Coin/m/common/ui/btn_howToplay.png","sizeGrid":"12,15,12,15","runtime":"Common.UI.DolButton","name":"btnHelp","centerY":0,"anchorY":0.5},"compId":23,"child":[{"type":"Script","props":{"disabledSkin":"Coin/m/common/ui/btn_howToplay_02.png","runtime":"Common.Script.AddDolButtonScript"},"compId":30}]}]},{"type":"Image","props":{"y":56,"x":451,"var":"imgLogo","skin":"Coin/common/common/ui/img_logo.png","name":"imgLogo","anchorY":0.5,"anchorX":0.5},"compId":12}],"loadList":["Coin/m/common/ui/btn_setUp_0.png","Coin/m/common/ui/btn_setUp_03.png","Coin/m/common/ui/input.png","Coin/m/common/ui/img_num_01.png","Coin/m/common/ui/btn_howToplay.png","Coin/m/common/ui/btn_howToplay_02.png","Coin/common/common/ui/img_logo.png"],"loadList3D":[]}