{"type":"View","props":{"width":900,"runtime":"BaseFSG.Base.View.LangSettingView","height":1900},"compId":2,"child":[{"type":"Sprite","props":{"y":0,"x":0,"width":900,"var":"spMask","name":"spMask","height":1900},"compId":41,"child":[{"type":"Script","props":{"maskTouchEvent":true,"maskColor":"#00000055","hasMask":true,"clickCloseParent":true,"runtime":"Common.Script.AddSpriteDrawRectScript"},"compId":42}]},{"type":"Box","props":{"y":950,"x":450,"width":860,"visible":true,"var":"sp","name":"sp","mouseEnabled":true,"height":900,"anchorY":0.5,"anchorX":0.5},"compId":8,"child":[{"type":"Image","props":{"top":0,"skin":"Coin/m/common/ui/img_windowBg.png","sizeGrid":"30,30,30,30","right":0,"left":0,"bottom":0},"compId":9},{"type":"Button","props":{"y":35,"var":"btnClose","stateNum":1,"skin":"Coin/m/common/ui/btn_close.png","right":16,"name":"btnClose","anchorY":0.5,"anchorX":1},"compId":40},{"type":"Image","props":{"y":72,"skin":"Coin/m/common/ui/img_frameLine_03.png","right":0,"left":0},"compId":58},{"type":"Image","props":{"y":36,"x":30,"skin":"Coin/m/en/ui/img_title_language.png","anchorY":0.5},"compId":59,"child":[{"type":"Script","props":{"runtime":"Common.Script.AddLangSpriteScript"},"compId":60}]},{"type":"Panel","props":{"x":10,"var":"pList","vScrollBarSkin":"Coin/pc/common/ui/vscroll.png","top":80,"right":50,"name":"pList","left":50,"bottom":80},"compId":67},{"type":"Button","props":{"var":"btnOK","stateNum":2,"skin":"Coin/m/en/ui/btn_ok_0.png","runtime":"Common.UI.DolButton","name":"btnOK","centerX":0,"bottom":-14,"anchorY":0.5,"anchorX":1},"compId":68,"child":[{"type":"Script","props":{"y":0,"x":0,"runtime":"Common.Script.AddLangSpriteScript"},"compId":69},{"type":"Script","props":{"y":0,"x":0,"disabledSkin":"Coin/m/en/ui/btn_ok_03.png","runtime":"Common.Script.AddDolButtonScript"},"compId":70}]}]}],"loadList":["Coin/m/common/ui/img_windowBg.png","Coin/m/common/ui/btn_close.png","Coin/m/common/ui/img_frameLine_03.png","Coin/m/en/ui/img_title_language.png","Coin/pc/common/ui/vscroll.png","Coin/m/en/ui/btn_ok_0.png","Coin/m/en/ui/btn_ok_03.png"],"loadList3D":[]}