{"type":"View","props":{"width":128,"height":42},"compId":2,"child":[{"type":"Image","props":{"y":21,"x":64,"width":128,"var":"imgBG","skin":"Coin/m/common/ui/img_timeNum_bg.png","sizeGrid":"15,26,15,26","name":"imgBG","height":42,"anchorY":0.5,"anchorX":0.5},"compId":3},{"type":"Label","props":{"y":21,"x":64,"var":"lbBS","valign":"middle","text":"01.01","name":"lbBS","fontSize":32,"color":"#ffffff","bold":true,"anchorY":0.5,"anchorX":0.5,"align":"center"},"compId":4},{"type":"Button","props":{"y":0,"x":0,"width":128,"var":"btnResultVew","name":"btnResultVew","height":42},"compId":5}],"loadList":["Coin/m/common/ui/img_timeNum_bg.png"],"loadList3D":[]}