{"GameUI/Common/Dialog/MessageBox.json":"GameUI/Common/Dialog/MessageBoxba086be772e06fc960aecdd41ec552a0.json","GameUI/Common/Dialog/MessageYesNoBox.json":"GameUI/Common/Dialog/MessageYesNoBox3fad6696e7f8894b81aa740bd215b242.json","GameUI/Common/Dialog/ReconnectMessageBox.json":"GameUI/Common/Dialog/ReconnectMessageBox6ad118f6f009bb1409e9ff509a46cd1f.json","GameUI/Common/Scenes/GameLoading.json":"GameUI/Common/Scenes/GameLoading9cad6b63361ceed88d022e95631a1498.json","GameUI/Common/View/AutoNumberCell_h.json":"GameUI/Common/View/AutoNumberCell_h76ce9d445bea4d7022e30bf4d5462f46.json","GameUI/Common/View/AutoNumberCell_v.json":"GameUI/Common/View/AutoNumberCell_vbcb23c36f0799e6ac6155b824001d98b.json","GameUI/Common/View/BonusAnnouncementView.json":"GameUI/Common/View/BonusAnnouncementView8e57160010f720074eea1a3f748c846a.json","GameUI/Common/View/BonusAnnouncementView_h.json":"GameUI/Common/View/BonusAnnouncementView_h5da68fb4f2350f123e17f15d027baeed.json","GameUI/Common/View/BonusAnnouncementView_v.json":"GameUI/Common/View/BonusAnnouncementView_vde00b394422e6e1fa7b74a24ced7a702.json","GameUI/Common/View/DynamicMsgView.json":"GameUI/Common/View/DynamicMsgViewf4d3dbbaae47fd193d410d70e09809af.json","GameUI/Common/View/GameLoadingBarNew.json":"GameUI/Common/View/GameLoadingBarNew8968b1481f22b763f0ebd0feb78b8f78.json","GameUI/Common/View/LangSettingView_h.json":"GameUI/Common/View/LangSettingView_h46fba84b5a44f925053eda200c2f414b.json","GameUI/Common/View/LangSettingView_v.json":"GameUI/Common/View/LangSettingView_va09ac5ee01261e9cb68ba5d296e1675d.json","GameUI/Common/View/LoadingView_h.json":"GameUI/Common/View/LoadingView_hbddc34c48851c9857749f18d27ae7c0c.json","GameUI/Common/View/LoadingView_v.json":"GameUI/Common/View/LoadingView_va7d1cea583b503a5922a8afc7550b037.json","GameUI/Common/View/ScreenSettingView_h.json":"GameUI/Common/View/ScreenSettingView_h78858a91d0b481bb16440ac99251a7f2.json","GameUI/Common/View/ScreenSettingView_v.json":"GameUI/Common/View/ScreenSettingView_v9b0dae68617685ffa85c9a5d503e4414.json","GameUI/Common/View/UserInfoView_h.json":"GameUI/Common/View/UserInfoView_hc5f2c4d0a0ef5e931e5145c1b3a33667.json","GameUI/Common/View/UserInfoView_v.json":"GameUI/Common/View/UserInfoView_va92d32df593ac181223a6738dfd5f764.json","res/atlas/Common/common/common/loading/bg.atlas":"res/atlas/Common/common/common/loading/bg1c6bf815bec13dc96fd8eb3be4c059da.atlas","res/atlas/Common/common/common/loading/bg.png":"res/atlas/Common/common/common/loading/bga427e3e42a2de1255da43b8d42f931b9.png","res/atlas/Common/common/common/loading/bg1.png":"res/atlas/Common/common/common/loading/bg1182822b2e9ac636505598c689b061f07.png","res/atlas/Common/common/common/loading/common.atlas":"res/atlas/Common/common/common/loading/common917a943fd2da65c9f8ae1f47b382a795.atlas","res/atlas/Common/common/common/loading/common.png":"res/atlas/Common/common/common/loading/common838bcea976591738f4174760695b238d.png","res/atlas/Common/common/common/loading/others.atlas":"res/atlas/Common/common/common/loading/others060c389e78cdd486f71d91fb49b4f1d8.atlas","res/atlas/Common/common/common/loading/others.png":"res/atlas/Common/common/common/loading/others0d3873c7446bcddc017efe854d393d8b.png","res/atlas/Common/common/common/loading/spin.atlas":"res/atlas/Common/common/common/loading/spin6d8e92de98bb34aa79c4ad102622b658.atlas","res/atlas/Common/common/common/loading/spin.png":"res/atlas/Common/common/common/loading/spinb54ebe8c8efbaa74f92acfeb09ecfbe6.png","res/atlas/Common/common/common/autoPlay.atlas":"res/atlas/Common/common/common/autoPlay475dd627cffb53185e6994f74d7a358a.atlas","res/atlas/Common/common/common/autoPlay.png":"res/atlas/Common/common/common/autoPlaya79dc3c77a13a8e30849b57459a35320.png","res/atlas/Common/common/common/comp.atlas":"res/atlas/Common/common/common/compc28533052724a121a456af0a189232dd.atlas","res/atlas/Common/common/common/comp.png":"res/atlas/Common/common/common/comp287f97802d7ba1c667fcf41b9e29e686.png","res/atlas/Common/common/common/dialog.atlas":"res/atlas/Common/common/common/dialog4db680c7164c4b8a7f2e5293c7e890b9.atlas","res/atlas/Common/common/common/dialog.png":"res/atlas/Common/common/common/dialog428bb0b70ad146618591ced3906a981b.png","res/atlas/Common/common/common/ui.atlas":"res/atlas/Common/common/common/ui371535d1d4df1cd639e36d1df95662d9.atlas","res/atlas/Common/common/common/ui.png":"res/atlas/Common/common/common/ui29cbb230a1511ad5e1d9f752a5f38caa.png","res/atlas/Common/common/common/userinfo.atlas":"res/atlas/Common/common/common/userinfo22d2acb328350af8cb128f63b782ba82.atlas","res/atlas/Common/common/common/userinfo.png":"res/atlas/Common/common/common/userinfoa2b62f1cec13e9e989f985dd9bbfcfeb.png","res/atlas/Common/common/common/verification.atlas":"res/atlas/Common/common/common/verificationb2d188ea42f9f14d1d6baef21317eb5e.atlas","res/atlas/Common/common/common/verification.png":"res/atlas/Common/common/common/verification10a2e236c3aa0cb635092d1b7f681ba6.png","res/atlas/Common/common/en/ui.atlas":"res/atlas/Common/common/en/ui4726c384611d0a6c73cfca86b05c152d.atlas","res/atlas/Common/common/en/ui.png":"res/atlas/Common/common/en/ui700deed03194f558b615446ee3c490a3.png","res/atlas/Common/common/hi/ui.atlas":"res/atlas/Common/common/hi/ui8624816e5787a0cfe552a474a5b532cc.atlas","res/atlas/Common/common/hi/ui.png":"res/atlas/Common/common/hi/ui9897bc72ab6f3e5859bd1dd441fb358d.png","res/atlas/Common/common/id/ui.atlas":"res/atlas/Common/common/id/uia3618dba212f7de3c0e706339d16fd2e.atlas","res/atlas/Common/common/id/ui.png":"res/atlas/Common/common/id/ui75bbc26b48496055d845b64fb1b2c367.png","res/atlas/Common/common/ms/ui.atlas":"res/atlas/Common/common/ms/ui072aea99c4c2e880b316bb013e137e5a.atlas","res/atlas/Common/common/ms/ui.png":"res/atlas/Common/common/ms/ui4fea272ad16fa22d84342fda09135f0c.png","res/atlas/Common/common/pr/ui.atlas":"res/atlas/Common/common/pr/ui788d055de184a2cb6cefe1cb7122a475.atlas","res/atlas/Common/common/pr/ui.png":"res/atlas/Common/common/pr/ui58f46a33ff100455509e370234077a5a.png","res/atlas/Common/common/th/ui.atlas":"res/atlas/Common/common/th/ui552349e9cde1c099caa1b8569c4234a3.atlas","res/atlas/Common/common/th/ui.png":"res/atlas/Common/common/th/ui4fd37bc4566f4199f31449d282d3ccbe.png","res/atlas/Common/common/vi/ui.atlas":"res/atlas/Common/common/vi/ui3aa1a442fa19189943f4bc865ca17663.atlas","res/atlas/Common/common/vi/ui.png":"res/atlas/Common/common/vi/uidf743797ca12456c3fe674751fa29fb7.png","res/atlas/Common/common/zh-cn/ui.atlas":"res/atlas/Common/common/zh-cn/ui1ff2b6577ce9f6b5e365102f0bc394d9.atlas","res/atlas/Common/common/zh-cn/ui.png":"res/atlas/Common/common/zh-cn/ui6e5e78b266e03b323be564b0503954d7.png","res/atlas/Common/m/common/ui.atlas":"res/atlas/Common/m/common/ui0d18b849806208763d8776e0762fb4e5.atlas","res/atlas/Common/m/common/ui.png":"res/atlas/Common/m/common/uif78b64532f6bf98158d5b1bc9356e9d2.png","res/atlas/Common/m/en/ui.atlas":"res/atlas/Common/m/en/ui7445aaaa87f0ff00d737b80cd36e410a.atlas","res/atlas/Common/m/en/ui.png":"res/atlas/Common/m/en/ui6b104bf799cb3026439df56585a05d23.png","res/atlas/Common/m/hi/ui.atlas":"res/atlas/Common/m/hi/ui457441d4aa31bb6a19403a423b601b29.atlas","res/atlas/Common/m/hi/ui.png":"res/atlas/Common/m/hi/uib28a1adbc0e70d75ebc335f4bd1775a2.png","res/atlas/Common/m/id/ui.atlas":"res/atlas/Common/m/id/uid9e0ab031a70fa8ba91bacc9c63e24d3.atlas","res/atlas/Common/m/id/ui.png":"res/atlas/Common/m/id/uid2b688bbc8466d456eb285ac3268f67e.png","res/atlas/Common/m/ms/ui.atlas":"res/atlas/Common/m/ms/uie3157695a66c21d602296c75c303ff67.atlas","res/atlas/Common/m/ms/ui.png":"res/atlas/Common/m/ms/ui6abd57c66245628283a389da71cafb5e.png","res/atlas/Common/m/pr/ui.atlas":"res/atlas/Common/m/pr/ui7310a2e136179dff007d69ec9699abf3.atlas","res/atlas/Common/m/pr/ui.png":"res/atlas/Common/m/pr/uid6e6cbc8a569db2a8b8768dac4fadd3b.png","res/atlas/Common/m/th/ui.atlas":"res/atlas/Common/m/th/ui44c515043c8975d6351823bfd0eb3370.atlas","res/atlas/Common/m/th/ui.png":"res/atlas/Common/m/th/ui8f361f65753eebfd7d6069359f297af1.png","res/atlas/Common/m/vi/ui.atlas":"res/atlas/Common/m/vi/uiededa35656062c2861825607a7140bec.atlas","res/atlas/Common/m/vi/ui.png":"res/atlas/Common/m/vi/uic5a171a944761662331712df8ddff502.png","res/atlas/Common/pc/common/ui.atlas":"res/atlas/Common/pc/common/uifb59403cc36310f27136c07b74af322e.atlas","res/atlas/Common/pc/common/ui.png":"res/atlas/Common/pc/common/uib88129625399afa91bea302d6a8549a6.png","res/atlas/Common/pc/en/ui.atlas":"res/atlas/Common/pc/en/uiacab21956249187ccc602d4e45484b6a.atlas","res/atlas/Common/pc/en/ui.png":"res/atlas/Common/pc/en/ui5be22d66d6df50e6665e237d1ca830cf.png","res/atlas/Common/pc/hi/ui.atlas":"res/atlas/Common/pc/hi/ui9e11a32bbaff6219d3b5c87d3c1aa325.atlas","res/atlas/Common/pc/hi/ui.png":"res/atlas/Common/pc/hi/ui0a750eccebea2b80b4741457abecdd21.png","res/atlas/Common/pc/id/ui.atlas":"res/atlas/Common/pc/id/ui488e27526bab9ad7b93f898cc81841d8.atlas","res/atlas/Common/pc/id/ui.png":"res/atlas/Common/pc/id/uia0a604c191158616f0b1e4d0dc689c78.png","res/atlas/Common/pc/ms/ui.atlas":"res/atlas/Common/pc/ms/uic8d7ce38c2e543d0706fdf8af55923ca.atlas","res/atlas/Common/pc/ms/ui.png":"res/atlas/Common/pc/ms/uia62f252c31b1a244050c3ddf01e017bd.png","res/atlas/Common/pc/pr/ui.atlas":"res/atlas/Common/pc/pr/uic9ff03a877b851d574ae0a1e87b69fa0.atlas","res/atlas/Common/pc/pr/ui.png":"res/atlas/Common/pc/pr/ui7db96c44f29c42bab8875385949a8a96.png","res/atlas/Common/pc/th/ui.atlas":"res/atlas/Common/pc/th/ui0c85e3731dba54a3b7c044754d6c5ba4.atlas","res/atlas/Common/pc/th/ui.png":"res/atlas/Common/pc/th/ui5ad8458d53497b0efdd5392cbbc0a5b3.png","res/atlas/Common/pc/vi/ui.atlas":"res/atlas/Common/pc/vi/uie021056c801883fc6c300e4c80f8932b.atlas","res/atlas/Common/pc/vi/ui.png":"res/atlas/Common/pc/vi/ui7f43174a29ebc356303fe6bf46ec32db.png","Common/common/common/loading/spin/loading.sk":"Common/common/common/loading/spin/loading2a014fd63872e6f105a2ccda64c201bf.sk","tmpjs/Common.js":"tmpjs/Common07ea1b9efd1c57c1123bc80024385e14.js","tmpjs/BaseFSG.js":"tmpjs/BaseFSG80e55348e2baf125689ae8d7b98e6f36.js","Assets/Cryptos/Sound/big_button.mp3":"Assets/Cryptos/Sound/big_buttoned856789f9be22ed4f5706ead4cb1f31.mp3","Assets/Cryptos/Sound/button_click.mp3":"Assets/Cryptos/Sound/button_clickf680be139fbad20ca9352804e6ed3d7f.mp3","Assets/Cryptos/Sound/chip.mp3":"Assets/Cryptos/Sound/chip0361d349ba3a148fd5ba2fd4eec3a9fb.mp3","Assets/Cryptos/Sound/flip.mp3":"Assets/Cryptos/Sound/flip8f1c70feb809633cba6f460ce131bfda.mp3","Assets/Cryptos/Sound/match.mp3":"Assets/Cryptos/Sound/matche1fbb7ca590466f65be7a6e44f8c2054.mp3","Assets/Cryptos/Sound/soft_win.mp3":"Assets/Cryptos/Sound/soft_win248ada5c00962fbf44b0cb3d970f5d2e.mp3","Assets/Cryptos/Sound/sound_lose.mp3":"Assets/Cryptos/Sound/sound_losea8abddf529067e0d990728171b5bc1ef.mp3","GameUI/Cryptos/Scenes/GameLoading_h.json":"GameUI/Cryptos/Scenes/GameLoading_hcfabcdf64813f842e2dfbd04dc62faa1.json","GameUI/Cryptos/Scenes/GameLoading_v.json":"GameUI/Cryptos/Scenes/GameLoading_v1dde2aaae45d75945ed7985c96701453.json","GameUI/Cryptos/Scenes/GameScene_h.json":"GameUI/Cryptos/Scenes/GameScene_h5ff2f0348f4e7295863732ff5c46b5a8.json","GameUI/Cryptos/Scenes/GameScene_v.json":"GameUI/Cryptos/Scenes/GameScene_vef0ac859e358e030ba556ecb8655af1d.json","GameUI/Cryptos/View/AutoNumberCell_h.json":"GameUI/Cryptos/View/AutoNumberCell_h81a905fe4d149ca9c67440109f4b5978.json","GameUI/Cryptos/View/AutoNumberCell_v.json":"GameUI/Cryptos/View/AutoNumberCell_v5705765ae8d99e4c1597b5a5f3b87a8b.json","GameUI/Cryptos/View/AutoPlaySelected_h.json":"GameUI/Cryptos/View/AutoPlaySelected_h6905db805483661512b88220e8dac9ae.json","GameUI/Cryptos/View/AutoPlaySelected_v.json":"GameUI/Cryptos/View/AutoPlaySelected_vdbbe4758258e970afdf5327ab72fd809.json","GameUI/Cryptos/View/BetViewCell2_h.json":"GameUI/Cryptos/View/BetViewCell2_h6393e25b45eb340997ee6dd2c85da43f.json","GameUI/Cryptos/View/BetViewCell2_v.json":"GameUI/Cryptos/View/BetViewCell2_vd7f95434e50f18db8d09c2a66c247783.json","GameUI/Cryptos/View/BonusCell_h.json":"GameUI/Cryptos/View/BonusCell_he107f9f9489d19f02984484018e0ccba.json","GameUI/Cryptos/View/BonusCell_v.json":"GameUI/Cryptos/View/BonusCell_v935a7b6b381c96813f8dc139672cd04b.json","GameUI/Cryptos/View/CheckRoundSeedView_h.json":"GameUI/Cryptos/View/CheckRoundSeedView_h15361ea0550023656a5de7bef2cd1d2c.json","GameUI/Cryptos/View/CheckRoundSeedView_v.json":"GameUI/Cryptos/View/CheckRoundSeedView_v22b25c1e1bb2c6a62080e4bb61ab8c40.json","GameUI/Cryptos/View/DetailedRulesView_h.json":"GameUI/Cryptos/View/DetailedRulesView_h8ddef83ef8455df99a4c4a041747dfcb.json","GameUI/Cryptos/View/DetailedRulesView_v.json":"GameUI/Cryptos/View/DetailedRulesView_v3fdd796372303bf6b027e30ed602cda8.json","GameUI/Cryptos/View/GameCell.json":"GameUI/Cryptos/View/GameCellaffa190af35d7c75a302b3f23da71395.json","GameUI/Cryptos/View/GameLimitsView_h.json":"GameUI/Cryptos/View/GameLimitsView_h76ae0787e7599406bd3b973518de3ad8.json","GameUI/Cryptos/View/GameLimitsView_v.json":"GameUI/Cryptos/View/GameLimitsView_v4df8449825f17873589e82003bdb3910.json","GameUI/Cryptos/View/GameLoadingBarNew.json":"GameUI/Cryptos/View/GameLoadingBarNew24b2f3bfa3ef2b0271d9c6c035cf9cdf.json","GameUI/Cryptos/View/GameRulesView_h.json":"GameUI/Cryptos/View/GameRulesView_h111cbe62bb570205f6a2157c4d46ea24.json","GameUI/Cryptos/View/GameRulesView_v.json":"GameUI/Cryptos/View/GameRulesView_v3345be38b58d622d78528842c5e8a0eb.json","GameUI/Cryptos/View/GreenDetailed_h.json":"GameUI/Cryptos/View/GreenDetailed_ha21c853055afde4d338cb11fa177f08c.json","GameUI/Cryptos/View/GreenDetailed_v.json":"GameUI/Cryptos/View/GreenDetailed_v0acb29b846b8aa79998dca5a94b5839a.json","GameUI/Cryptos/View/HeaderView_h.json":"GameUI/Cryptos/View/HeaderView_h08d5b344122939897c1aaeea971f5c07.json","GameUI/Cryptos/View/HeaderView_v.json":"GameUI/Cryptos/View/HeaderView_ve83a2db6dfa7682a93c8c64380bd4a48.json","GameUI/Cryptos/View/LangSettingView_h.json":"GameUI/Cryptos/View/LangSettingView_hfcbcf4748d285d0ef149304d1b0ffc9b.json","GameUI/Cryptos/View/LangSettingView_v.json":"GameUI/Cryptos/View/LangSettingView_veb235d9de6575eb89a29378de3214b12.json","GameUI/Cryptos/View/LoadingView_h.json":"GameUI/Cryptos/View/LoadingView_hd285a3dd2c246b2c4976c3766355f76e.json","GameUI/Cryptos/View/LoadingView_v.json":"GameUI/Cryptos/View/LoadingView_v8d74e57da0368e345c8d5c64d56a9f18.json","GameUI/Cryptos/View/MyBetViewCell_h.json":"GameUI/Cryptos/View/MyBetViewCell_h5955baa3d85726bd19283e91d246307c.json","GameUI/Cryptos/View/MyBetViewCell_v.json":"GameUI/Cryptos/View/MyBetViewCell_v5efe34fb1b0132584a7e98ba3f80e0d9.json","GameUI/Cryptos/View/MyHistoryView_h.json":"GameUI/Cryptos/View/MyHistoryView_hcc93eaad86b663396e2d66b0195e616d.json","GameUI/Cryptos/View/MyHistoryView_v.json":"GameUI/Cryptos/View/MyHistoryView_v073977c8a274668bcbe9610e08064634.json","GameUI/Cryptos/View/NumberCell_h.json":"GameUI/Cryptos/View/NumberCell_h099b9c129fae79b171c8d39332f366cb.json","GameUI/Cryptos/View/NumberCell_v.json":"GameUI/Cryptos/View/NumberCell_v7374e726ccea05b935b7147d6bc58f8d.json","GameUI/Cryptos/View/NumberKeyboard_h.json":"GameUI/Cryptos/View/NumberKeyboard_ha84270296c312e53a24f895c775fe649.json","GameUI/Cryptos/View/NumberKeyboard_v.json":"GameUI/Cryptos/View/NumberKeyboard_v1f0cf4541403ed997340b94f4ff193b3.json","GameUI/Cryptos/View/ScreenSettingView_h.json":"GameUI/Cryptos/View/ScreenSettingView_haff806e745cd9564fd4240cd23f4ad39.json","GameUI/Cryptos/View/ScreenSettingView_v.json":"GameUI/Cryptos/View/ScreenSettingView_v7e5f2f517fbdc33043efe0cad2f6a1e8.json","GameUI/Cryptos/View/UserInfoView_h.json":"GameUI/Cryptos/View/UserInfoView_he0ae8b09778849fc8dd9e501ec5a783a.json","GameUI/Cryptos/View/UserInfoView_v.json":"GameUI/Cryptos/View/UserInfoView_ve1f23e9b122c37985ad9a66f77f40cd8.json","res/atlas/Cryptos/common/common/ui.atlas":"res/atlas/Cryptos/common/common/ui43cfb076cf1d07939d7c72a55d744dd8.atlas","res/atlas/Cryptos/common/common/ui.png":"res/atlas/Cryptos/common/common/ui50a7702d5b6087807814011a1e6d8999.png","res/atlas/Cryptos/m/common/ui.atlas":"res/atlas/Cryptos/m/common/uib92d2836354de05307f2f507e6ab88fd.atlas","res/atlas/Cryptos/m/common/ui.png":"res/atlas/Cryptos/m/common/ui7310cf655d51d0d1f09d34535ad8a68e.png","res/atlas/Cryptos/m/en/ui.atlas":"res/atlas/Cryptos/m/en/ui063c6411962fc5e5a691f79209eb7e92.atlas","res/atlas/Cryptos/m/en/ui.png":"res/atlas/Cryptos/m/en/uid26ebcc274c99dc560fa27556dae83a0.png","res/atlas/Cryptos/m/hi/ui.atlas":"res/atlas/Cryptos/m/hi/ui8b63330b555953c87f5b3f48cd6dafb6.atlas","res/atlas/Cryptos/m/hi/ui.png":"res/atlas/Cryptos/m/hi/ui923920db607cafeac7efbcf2141145e9.png","res/atlas/Cryptos/m/id/ui.atlas":"res/atlas/Cryptos/m/id/uif497b1354943b521fd2eb00cd4eafe19.atlas","res/atlas/Cryptos/m/id/ui.png":"res/atlas/Cryptos/m/id/ui2be73b23a245d3ceb38e31ae8a7c857b.png","res/atlas/Cryptos/m/ms/ui.atlas":"res/atlas/Cryptos/m/ms/ui9edfe5276d1f78e5b71ce28f4d8ee883.atlas","res/atlas/Cryptos/m/ms/ui.png":"res/atlas/Cryptos/m/ms/ui0fc14ae77b484c184829f935015c9a1b.png","res/atlas/Cryptos/m/pr/ui.atlas":"res/atlas/Cryptos/m/pr/ui9c17b7a6630f0375de52dbcd5847fad6.atlas","res/atlas/Cryptos/m/pr/ui.png":"res/atlas/Cryptos/m/pr/ui5ad67bc80d7daa4725662cd1aec5143d.png","res/atlas/Cryptos/m/th/ui.atlas":"res/atlas/Cryptos/m/th/uicb15e533e71115b569d1da99ec5f9e86.atlas","res/atlas/Cryptos/m/th/ui.png":"res/atlas/Cryptos/m/th/ui5b0f4580ee66158db86e8f25be603517.png","res/atlas/Cryptos/m/vi/ui.atlas":"res/atlas/Cryptos/m/vi/uid34ff64691640b573c07000bf7d03293.atlas","res/atlas/Cryptos/m/vi/ui.png":"res/atlas/Cryptos/m/vi/ui4c473f52d303b2cf512dff731aabadfa.png","res/atlas/Cryptos/pc/common/ui.atlas":"res/atlas/Cryptos/pc/common/uid49948f3c590daf8d28e26989a334381.atlas","res/atlas/Cryptos/pc/common/ui.png":"res/atlas/Cryptos/pc/common/ui71443729e048b058ab2c68cecfbf3b03.png","res/atlas/Cryptos/pc/en/ui.atlas":"res/atlas/Cryptos/pc/en/ui4e20c9038ecbee3e35ad4b38a90edd37.atlas","res/atlas/Cryptos/pc/en/ui.png":"res/atlas/Cryptos/pc/en/ui0bea3581f08f0843eb3187e898c1edbf.png","res/atlas/Cryptos/pc/hi/ui.atlas":"res/atlas/Cryptos/pc/hi/ui26f4058d69c6fe4a86e49112aae3b0e4.atlas","res/atlas/Cryptos/pc/hi/ui.png":"res/atlas/Cryptos/pc/hi/ui2567ccb5bbb431f0c2b29ef2e90c6c40.png","res/atlas/Cryptos/pc/id/ui.atlas":"res/atlas/Cryptos/pc/id/uieae0f3930ca1777ad0ebce4a77332c5c.atlas","res/atlas/Cryptos/pc/id/ui.png":"res/atlas/Cryptos/pc/id/uifb7e16740213d4430844f02f6b064962.png","res/atlas/Cryptos/pc/ms/ui.atlas":"res/atlas/Cryptos/pc/ms/uia320225295438a855f35d5540cfcc08a.atlas","res/atlas/Cryptos/pc/ms/ui.png":"res/atlas/Cryptos/pc/ms/ui5f4ea8acfdcfb8b970fc8638b6e9c2b5.png","res/atlas/Cryptos/pc/pr/ui.atlas":"res/atlas/Cryptos/pc/pr/ui68d82b6f744c870bbf95a6ddad1d7a57.atlas","res/atlas/Cryptos/pc/pr/ui.png":"res/atlas/Cryptos/pc/pr/uifa880ff4726639b10a80990aa19c3a31.png","res/atlas/Cryptos/pc/th/ui.atlas":"res/atlas/Cryptos/pc/th/ui56e0c91f2e21c81f7802e44ec9cdca28.atlas","res/atlas/Cryptos/pc/th/ui.png":"res/atlas/Cryptos/pc/th/uib15378cc6a77708683ce334c983126ea.png","res/atlas/Cryptos/pc/vi/ui.atlas":"res/atlas/Cryptos/pc/vi/ui42c316d1e13cd5fbe04f6652dce436d0.atlas","res/atlas/Cryptos/pc/vi/ui.png":"res/atlas/Cryptos/pc/vi/ui4e025046484020cbf175fbaa4120c9b5.png","Cryptos/common/common/ani/loading.atlas":"Cryptos/common/common/ani/loading97d180cab56982f40244814126dc495b.atlas","Cryptos/common/common/ani/loading.png":"Cryptos/common/common/ani/loading61f4893438ecc80baafa265edc3ca7fe.png","Cryptos/common/common/ani/roundid.atlas":"Cryptos/common/common/ani/roundid2565e796efc0cc535fa967574ee0457c.atlas","Cryptos/common/common/ani/roundid.png":"Cryptos/common/common/ani/roundid7b89e817b642819cfb98024008859644.png","Cryptos/common/common/spine/icon01.png":"Cryptos/common/common/spine/icon01ba9e7b8bc2e063541a32179cb8a84723.png","Cryptos/common/common/spine/icon01.sk":"Cryptos/common/common/spine/icon01b43266a1ac62d5db29c41a4b39e35ef2.sk","Cryptos/common/common/spine/icon02.png":"Cryptos/common/common/spine/icon02d4cfe0fa61986e17216fd8c410737601.png","Cryptos/common/common/spine/icon02.sk":"Cryptos/common/common/spine/icon027033e532887fe52c4d8925ad638928e6.sk","Cryptos/common/common/spine/icon03.png":"Cryptos/common/common/spine/icon03bc75f321bf053297b04ebfbad10dc68a.png","Cryptos/common/common/spine/icon03.sk":"Cryptos/common/common/spine/icon0318eb1abd09b9d5f944c14964d8da0129.sk","Cryptos/common/common/spine/icon04.png":"Cryptos/common/common/spine/icon046a5495bcec5942b72cf99a1d02e60612.png","Cryptos/common/common/spine/icon04.sk":"Cryptos/common/common/spine/icon040d78081b263e9e731ba31d18f9678a59.sk","Cryptos/common/common/spine/icon05.png":"Cryptos/common/common/spine/icon05dde6232c919c690ed78798295a8a2349.png","Cryptos/common/common/spine/icon05.sk":"Cryptos/common/common/spine/icon052e46a2b9ce53925d5ff7562fac77e1ee.sk","Cryptos/common/common/spine/icon06.png":"Cryptos/common/common/spine/icon06f5783787fa9964b6e7120ace51af20e7.png","Cryptos/common/common/spine/icon06.sk":"Cryptos/common/common/spine/icon065ee2932abf1a7399f25cf6e032a689e2.sk","Cryptos/common/common/spine/icon07.png":"Cryptos/common/common/spine/icon071d85fbf65549dc562c8fcf516f426463.png","Cryptos/common/common/spine/icon07.sk":"Cryptos/common/common/spine/icon07e7a1f0356d7424e4895d14a267a4eb8c.sk","Cryptos/common/common/spine/icon08.png":"Cryptos/common/common/spine/icon085ebe9623e0c3652907ec972624059d3f.png","Cryptos/common/common/spine/icon08.sk":"Cryptos/common/common/spine/icon089ec65d5dfdda35a73d530ccd4cea67d3.sk","Cryptos/common/common/spine/icon_light.png":"Cryptos/common/common/spine/icon_light57752a9db17ff5924cd8f2b2e3c3e738.png","Cryptos/common/common/spine/icon_light.sk":"Cryptos/common/common/spine/icon_light4513340f1c6b462cccacbd6a63e07ae9.sk","tmpjs/Cryptos.js":"tmpjs/Cryptos77e9589aa1498e9792d6f2a71b7bd898.js","Json/CryptosFileConfig.json":"Json/CryptosFileConfig04b4c092ec1b5c1dc240e2d40f1eb008.json"}