{"type":"View","props":{"width":897,"height":70,"anchorX":0.5},"compId":2,"child":[{"type":"Image","props":{"top":0,"skin":"Common/common/common/dialog/img_dym.png","sizeGrid":"5,0,5,0","right":0,"left":0,"bottom":0},"compId":7},{"type":"Label","props":{"var":"lblText","text":"label","strokeColor":"#000000","stroke":1,"name":"lblText","fontSize":30,"color":"#ffffff","centerY":0,"centerX":0,"bold":true,"anchorY":0.5,"anchorX":0.5},"compId":5}],"loadList":["Common/common/common/dialog/img_dym.png"],"loadList3D":[]}