{"type":"Scene","props":{"visible":true,"runtime":"Common.View.GameLoadingBarNew"},"compId":2,"child":[{"type":"ImageNumber","props":{"y":0,"x":200,"var":"lblPercentage","text":"88","skin":"Common/common/common/loading/common/img_n","runtime":"Common.UI.ImageNumber","offsetType":"imgWithFixed","offset":-5,"name":"lblPercentage","align":"right"},"compId":9},{"type":"Image","props":{"y":-1,"x":200,"var":"imgPorcentaje","skin":"Common/common/common/loading/common/img_n10.png","name":"imgPorcentaje","anchorY":0.5},"compId":17},{"type":"Sprite","props":{"var":"progress","runtime":"Common.UI.DolProgress","name":"progress"},"compId":21,"child":[{"type":"Image","props":{"y":0,"x":0,"width":279,"skin":"Mine/common/common/ui/loading.png","sizeGrid":"0,8,0,7","name":"bg","anchorY":0.5,"anchorX":0.5},"compId":22},{"type":"Image","props":{"x":-140,"width":279,"skin":"Mine/common/common/ui/loading$bar.png","sizeGrid":"0,11,0,8","name":"pro","anchorY":0.5},"compId":23}]}],"loadList":["Common/common/common/loading/common/img_n10.png","Mine/common/common/ui/loading.png","Mine/common/common/ui/loading$bar.png"],"loadList3D":[]}