{"type":"Scene","props":{"width":900,"runtime":"Coin.Scene.GameScene","height":1900},"compId":2,"child":[{"type":"Image","props":{"y":950,"x":450,"width":900,"var":"imgBG","skin":"Coin/m/common/ui/img_frame01.png","sizeGrid":"34,45,34,45","name":"imgBG","height":1900,"bgColor":"#025c5c","anchorY":0.5,"anchorX":0.5},"compId":83},{"type":"MyBetViewCell_v","props":{"var":"viewBet","name":"viewBet","runtime":"Coin.View.CoinMyBetViewCell"},"compId":82},{"type":"Sprite","props":{"y":0,"x":0,"width":900,"var":"viewLoading","name":"viewLoading","height":1900},"compId":77,"child":[{"type":"Sprite","props":{"y":0,"x":0},"compId":78},{"type":"Animation","props":{"y":900,"x":420,"source":"Coin/common/common/ani/loading.atlas","runtime":"Common.UI.DolAnimation","autoPlay":true},"compId":75,"child":[{"type":"Script","props":{"runtime":"Common.Script.AddAnimationScript"},"compId":76}]},{"type":"Script","props":{"maskTouchEvent":true,"maskColor":"#00000033","hasMask":true,"runtime":"Common.Script.AddSpriteDrawRectScript"},"compId":79}]},{"type":"ResultView_v","props":{"y":0,"x":0,"var":"viewResult","name":"viewResult","runtime":"Coin.View.CoinResultView"},"compId":84},{"type":"HeaderView_v","props":{"y":0,"var":"viewHeader","right":0,"name":"viewHeader","left":0,"runtime":"BaseFSG.Base.View.HeaderView"},"compId":80}],"loadList":["Coin/m/common/ui/img_frame01.png","GameUI/Coin/View/MyBetViewCell_v.scene","GameUI/Coin/View/ResultView_v.scene","GameUI/Coin/View/HeaderView_v.scene"],"loadList3D":[]}