{"type":"Dialog","props":{"width":780,"height":460},"compId":2,"child":[{"type":"Box","props":{"width":780,"var":"boxDia","name":"boxDia","height":460},"compId":12,"child":[{"type":"Image","props":{"top":-35,"skin":"Common/common/common/dialog/img_windowBg.png","sizeGrid":"68,83,98,83","right":-51,"left":-51,"bottom":-67},"compId":3},{"type":"Button","props":{"y":410,"x":390,"var":"btnYes","skin":"Common/common/en/ui/btn_reconnect.png","name":"btnYes","anchorY":0.5,"anchorX":0.5},"compId":7,"child":[{"type":"Script","props":{"runtime":"Common.Script.AddLangSpriteScript"},"compId":11}]},{"type":"Image","props":{"y":362,"x":1,"skin":"Common/common/common/dialog/img_line.png","sizeGrid":"25,3,3,3","name":"line"},"compId":8},{"type":"Label","props":{"y":167,"x":401,"wordWrap":true,"width":605,"var":"txtContent","valign":"middle","name":"txtContent","leading":20,"height":173,"fontSize":30,"font":"Microsoft YaHei","color":"#ffffff","anchorY":0.5,"anchorX":0.5,"align":"center"},"compId":10}]}],"loadList":["Common/common/common/dialog/img_windowBg.png","Common/common/en/ui/btn_reconnect.png","Common/common/common/dialog/img_line.png"],"loadList3D":[]}