{"type":"Scene","props":{"width":1900,"runtime":"Common.Scene.GameLoadingScene","height":900},"compId":2,"child":[{"type":"Sprite","props":{"y":0,"x":0,"width":1900,"height":900},"compId":19,"child":[{"type":"Script","props":{"maskTouchEvent":false,"maskColor":"#000000","hasMask":true,"runtime":"Common.Script.AddSpriteDrawRectScript"},"compId":20}]},{"type":"Image","props":{"y":298,"skin":"Mine/common/common/ui/img_loading.png","centerX":0},"compId":18},{"type":"Box","props":{"y":492,"x":1056,"width":200,"height":50,"bgColor":"#000000"},"compId":23},{"type":"GameLoadingBarNew","props":{"y":517,"x":1044,"var":"loadingBar","name":"loadingBar","runtime":"Common.View.GameLoadingBarNew"},"compId":17},{"type":"Image","props":{"y":690,"visible":true,"skin":"Mine/common/en/ui/img_loading.png","centerX":0,"bottom":210,"anchorY":1,"anchorX":0.5},"compId":21,"child":[{"type":"Script","props":{"runtime":"Common.Script.AddLangSpriteScript"},"compId":22}]}],"loadList":["Mine/common/common/ui/img_loading.png","GameUI/Common/View/GameLoadingBarNew.scene","Mine/common/en/ui/img_loading.png"],"loadList3D":[]}