{"GameUI/Common/Dialog/MessageBox.json":"GameUI/Common/Dialog/MessageBoxba086be772e06fc960aecdd41ec552a0.json","GameUI/Common/Dialog/MessageYesNoBox.json":"GameUI/Common/Dialog/MessageYesNoBox3fad6696e7f8894b81aa740bd215b242.json","GameUI/Common/Dialog/ReconnectMessageBox.json":"GameUI/Common/Dialog/ReconnectMessageBox6ad118f6f009bb1409e9ff509a46cd1f.json","GameUI/Common/Scenes/GameLoading.json":"GameUI/Common/Scenes/GameLoading9cad6b63361ceed88d022e95631a1498.json","GameUI/Common/View/AutoNumberCell_h.json":"GameUI/Common/View/AutoNumberCell_h76ce9d445bea4d7022e30bf4d5462f46.json","GameUI/Common/View/AutoNumberCell_v.json":"GameUI/Common/View/AutoNumberCell_vbcb23c36f0799e6ac6155b824001d98b.json","GameUI/Common/View/BonusAnnouncementView.json":"GameUI/Common/View/BonusAnnouncementView8e57160010f720074eea1a3f748c846a.json","GameUI/Common/View/BonusAnnouncementView_h.json":"GameUI/Common/View/BonusAnnouncementView_h5da68fb4f2350f123e17f15d027baeed.json","GameUI/Common/View/BonusAnnouncementView_v.json":"GameUI/Common/View/BonusAnnouncementView_vde00b394422e6e1fa7b74a24ced7a702.json","GameUI/Common/View/DynamicMsgView.json":"GameUI/Common/View/DynamicMsgViewf4d3dbbaae47fd193d410d70e09809af.json","GameUI/Common/View/GameLoadingBarNew.json":"GameUI/Common/View/GameLoadingBarNew8968b1481f22b763f0ebd0feb78b8f78.json","GameUI/Common/View/LangSettingView_h.json":"GameUI/Common/View/LangSettingView_h46fba84b5a44f925053eda200c2f414b.json","GameUI/Common/View/LangSettingView_v.json":"GameUI/Common/View/LangSettingView_va09ac5ee01261e9cb68ba5d296e1675d.json","GameUI/Common/View/LoadingView_h.json":"GameUI/Common/View/LoadingView_hbddc34c48851c9857749f18d27ae7c0c.json","GameUI/Common/View/LoadingView_v.json":"GameUI/Common/View/LoadingView_va7d1cea583b503a5922a8afc7550b037.json","GameUI/Common/View/ScreenSettingView_h.json":"GameUI/Common/View/ScreenSettingView_h78858a91d0b481bb16440ac99251a7f2.json","GameUI/Common/View/ScreenSettingView_v.json":"GameUI/Common/View/ScreenSettingView_v9b0dae68617685ffa85c9a5d503e4414.json","GameUI/Common/View/UserInfoView_h.json":"GameUI/Common/View/UserInfoView_hc5f2c4d0a0ef5e931e5145c1b3a33667.json","GameUI/Common/View/UserInfoView_v.json":"GameUI/Common/View/UserInfoView_va92d32df593ac181223a6738dfd5f764.json","res/atlas/Common/common/common/loading/bg.atlas":"res/atlas/Common/common/common/loading/bg1c6bf815bec13dc96fd8eb3be4c059da.atlas","res/atlas/Common/common/common/loading/bg.png":"res/atlas/Common/common/common/loading/bga427e3e42a2de1255da43b8d42f931b9.png","res/atlas/Common/common/common/loading/bg1.png":"res/atlas/Common/common/common/loading/bg1182822b2e9ac636505598c689b061f07.png","res/atlas/Common/common/common/loading/common.atlas":"res/atlas/Common/common/common/loading/common917a943fd2da65c9f8ae1f47b382a795.atlas","res/atlas/Common/common/common/loading/common.png":"res/atlas/Common/common/common/loading/common838bcea976591738f4174760695b238d.png","res/atlas/Common/common/common/loading/others.atlas":"res/atlas/Common/common/common/loading/others060c389e78cdd486f71d91fb49b4f1d8.atlas","res/atlas/Common/common/common/loading/others.png":"res/atlas/Common/common/common/loading/others0d3873c7446bcddc017efe854d393d8b.png","res/atlas/Common/common/common/loading/spin.atlas":"res/atlas/Common/common/common/loading/spin6d8e92de98bb34aa79c4ad102622b658.atlas","res/atlas/Common/common/common/loading/spin.png":"res/atlas/Common/common/common/loading/spinb54ebe8c8efbaa74f92acfeb09ecfbe6.png","res/atlas/Common/common/common/autoPlay.atlas":"res/atlas/Common/common/common/autoPlay475dd627cffb53185e6994f74d7a358a.atlas","res/atlas/Common/common/common/autoPlay.png":"res/atlas/Common/common/common/autoPlaya79dc3c77a13a8e30849b57459a35320.png","res/atlas/Common/common/common/comp.atlas":"res/atlas/Common/common/common/compc28533052724a121a456af0a189232dd.atlas","res/atlas/Common/common/common/comp.png":"res/atlas/Common/common/common/comp287f97802d7ba1c667fcf41b9e29e686.png","res/atlas/Common/common/common/dialog.atlas":"res/atlas/Common/common/common/dialog4db680c7164c4b8a7f2e5293c7e890b9.atlas","res/atlas/Common/common/common/dialog.png":"res/atlas/Common/common/common/dialog428bb0b70ad146618591ced3906a981b.png","res/atlas/Common/common/common/ui.atlas":"res/atlas/Common/common/common/ui371535d1d4df1cd639e36d1df95662d9.atlas","res/atlas/Common/common/common/ui.png":"res/atlas/Common/common/common/ui29cbb230a1511ad5e1d9f752a5f38caa.png","res/atlas/Common/common/common/userinfo.atlas":"res/atlas/Common/common/common/userinfo22d2acb328350af8cb128f63b782ba82.atlas","res/atlas/Common/common/common/userinfo.png":"res/atlas/Common/common/common/userinfoa2b62f1cec13e9e989f985dd9bbfcfeb.png","res/atlas/Common/common/common/verification.atlas":"res/atlas/Common/common/common/verificationb2d188ea42f9f14d1d6baef21317eb5e.atlas","res/atlas/Common/common/common/verification.png":"res/atlas/Common/common/common/verification10a2e236c3aa0cb635092d1b7f681ba6.png","res/atlas/Common/common/en/ui.atlas":"res/atlas/Common/common/en/ui4726c384611d0a6c73cfca86b05c152d.atlas","res/atlas/Common/common/en/ui.png":"res/atlas/Common/common/en/ui700deed03194f558b615446ee3c490a3.png","res/atlas/Common/common/hi/ui.atlas":"res/atlas/Common/common/hi/ui8624816e5787a0cfe552a474a5b532cc.atlas","res/atlas/Common/common/hi/ui.png":"res/atlas/Common/common/hi/ui9897bc72ab6f3e5859bd1dd441fb358d.png","res/atlas/Common/common/id/ui.atlas":"res/atlas/Common/common/id/uia3618dba212f7de3c0e706339d16fd2e.atlas","res/atlas/Common/common/id/ui.png":"res/atlas/Common/common/id/ui75bbc26b48496055d845b64fb1b2c367.png","res/atlas/Common/common/ms/ui.atlas":"res/atlas/Common/common/ms/ui072aea99c4c2e880b316bb013e137e5a.atlas","res/atlas/Common/common/ms/ui.png":"res/atlas/Common/common/ms/ui4fea272ad16fa22d84342fda09135f0c.png","res/atlas/Common/common/pr/ui.atlas":"res/atlas/Common/common/pr/ui788d055de184a2cb6cefe1cb7122a475.atlas","res/atlas/Common/common/pr/ui.png":"res/atlas/Common/common/pr/ui58f46a33ff100455509e370234077a5a.png","res/atlas/Common/common/th/ui.atlas":"res/atlas/Common/common/th/ui552349e9cde1c099caa1b8569c4234a3.atlas","res/atlas/Common/common/th/ui.png":"res/atlas/Common/common/th/ui4fd37bc4566f4199f31449d282d3ccbe.png","res/atlas/Common/common/vi/ui.atlas":"res/atlas/Common/common/vi/ui3aa1a442fa19189943f4bc865ca17663.atlas","res/atlas/Common/common/vi/ui.png":"res/atlas/Common/common/vi/uidf743797ca12456c3fe674751fa29fb7.png","res/atlas/Common/common/zh-cn/ui.atlas":"res/atlas/Common/common/zh-cn/ui1ff2b6577ce9f6b5e365102f0bc394d9.atlas","res/atlas/Common/common/zh-cn/ui.png":"res/atlas/Common/common/zh-cn/ui6e5e78b266e03b323be564b0503954d7.png","res/atlas/Common/m/common/ui.atlas":"res/atlas/Common/m/common/ui0d18b849806208763d8776e0762fb4e5.atlas","res/atlas/Common/m/common/ui.png":"res/atlas/Common/m/common/uif78b64532f6bf98158d5b1bc9356e9d2.png","res/atlas/Common/m/en/ui.atlas":"res/atlas/Common/m/en/ui7445aaaa87f0ff00d737b80cd36e410a.atlas","res/atlas/Common/m/en/ui.png":"res/atlas/Common/m/en/ui6b104bf799cb3026439df56585a05d23.png","res/atlas/Common/m/hi/ui.atlas":"res/atlas/Common/m/hi/ui457441d4aa31bb6a19403a423b601b29.atlas","res/atlas/Common/m/hi/ui.png":"res/atlas/Common/m/hi/uib28a1adbc0e70d75ebc335f4bd1775a2.png","res/atlas/Common/m/id/ui.atlas":"res/atlas/Common/m/id/uid9e0ab031a70fa8ba91bacc9c63e24d3.atlas","res/atlas/Common/m/id/ui.png":"res/atlas/Common/m/id/uid2b688bbc8466d456eb285ac3268f67e.png","res/atlas/Common/m/ms/ui.atlas":"res/atlas/Common/m/ms/uie3157695a66c21d602296c75c303ff67.atlas","res/atlas/Common/m/ms/ui.png":"res/atlas/Common/m/ms/ui6abd57c66245628283a389da71cafb5e.png","res/atlas/Common/m/pr/ui.atlas":"res/atlas/Common/m/pr/ui7310a2e136179dff007d69ec9699abf3.atlas","res/atlas/Common/m/pr/ui.png":"res/atlas/Common/m/pr/uid6e6cbc8a569db2a8b8768dac4fadd3b.png","res/atlas/Common/m/th/ui.atlas":"res/atlas/Common/m/th/ui44c515043c8975d6351823bfd0eb3370.atlas","res/atlas/Common/m/th/ui.png":"res/atlas/Common/m/th/ui8f361f65753eebfd7d6069359f297af1.png","res/atlas/Common/m/vi/ui.atlas":"res/atlas/Common/m/vi/uiededa35656062c2861825607a7140bec.atlas","res/atlas/Common/m/vi/ui.png":"res/atlas/Common/m/vi/uic5a171a944761662331712df8ddff502.png","res/atlas/Common/pc/common/ui.atlas":"res/atlas/Common/pc/common/uifb59403cc36310f27136c07b74af322e.atlas","res/atlas/Common/pc/common/ui.png":"res/atlas/Common/pc/common/uib88129625399afa91bea302d6a8549a6.png","res/atlas/Common/pc/en/ui.atlas":"res/atlas/Common/pc/en/uiacab21956249187ccc602d4e45484b6a.atlas","res/atlas/Common/pc/en/ui.png":"res/atlas/Common/pc/en/ui5be22d66d6df50e6665e237d1ca830cf.png","res/atlas/Common/pc/hi/ui.atlas":"res/atlas/Common/pc/hi/ui9e11a32bbaff6219d3b5c87d3c1aa325.atlas","res/atlas/Common/pc/hi/ui.png":"res/atlas/Common/pc/hi/ui0a750eccebea2b80b4741457abecdd21.png","res/atlas/Common/pc/id/ui.atlas":"res/atlas/Common/pc/id/ui488e27526bab9ad7b93f898cc81841d8.atlas","res/atlas/Common/pc/id/ui.png":"res/atlas/Common/pc/id/uia0a604c191158616f0b1e4d0dc689c78.png","res/atlas/Common/pc/ms/ui.atlas":"res/atlas/Common/pc/ms/uic8d7ce38c2e543d0706fdf8af55923ca.atlas","res/atlas/Common/pc/ms/ui.png":"res/atlas/Common/pc/ms/uia62f252c31b1a244050c3ddf01e017bd.png","res/atlas/Common/pc/pr/ui.atlas":"res/atlas/Common/pc/pr/uic9ff03a877b851d574ae0a1e87b69fa0.atlas","res/atlas/Common/pc/pr/ui.png":"res/atlas/Common/pc/pr/ui7db96c44f29c42bab8875385949a8a96.png","res/atlas/Common/pc/th/ui.atlas":"res/atlas/Common/pc/th/ui0c85e3731dba54a3b7c044754d6c5ba4.atlas","res/atlas/Common/pc/th/ui.png":"res/atlas/Common/pc/th/ui5ad8458d53497b0efdd5392cbbc0a5b3.png","res/atlas/Common/pc/vi/ui.atlas":"res/atlas/Common/pc/vi/uie021056c801883fc6c300e4c80f8932b.atlas","res/atlas/Common/pc/vi/ui.png":"res/atlas/Common/pc/vi/ui7f43174a29ebc356303fe6bf46ec32db.png","Common/common/common/loading/spin/loading.sk":"Common/common/common/loading/spin/loading2a014fd63872e6f105a2ccda64c201bf.sk","tmpjs/Common.js":"tmpjs/Common07ea1b9efd1c57c1123bc80024385e14.js","tmpjs/BaseFSG.js":"tmpjs/BaseFSG80e55348e2baf125689ae8d7b98e6f36.js","Assets/Limbo/Sound/big_button.mp3":"Assets/Limbo/Sound/big_buttoned856789f9be22ed4f5706ead4cb1f31.mp3","Assets/Limbo/Sound/button_click.mp3":"Assets/Limbo/Sound/button_clickf680be139fbad20ca9352804e6ed3d7f.mp3","Assets/Limbo/Sound/chip.mp3":"Assets/Limbo/Sound/chip0361d349ba3a148fd5ba2fd4eec3a9fb.mp3","Assets/Limbo/Sound/limbo_fly.mp3":"Assets/Limbo/Sound/limbo_fly7cc0da6e956dff52c5097ea4911b1c59.mp3","Assets/Limbo/Sound/limbo_win.mp3":"Assets/Limbo/Sound/limbo_win37165c05714d61e1164b5f6f90ddbc77.mp3","Assets/Limbo/Sound/soft_win.mp3":"Assets/Limbo/Sound/soft_win5fed912274c415018cc9c24c1ff5f807.mp3","Assets/Limbo/Sound/sound_lose.mp3":"Assets/Limbo/Sound/sound_losea8abddf529067e0d990728171b5bc1ef.mp3","GameUI/Limbo/Scenes/GameLoading_h.json":"GameUI/Limbo/Scenes/GameLoading_he4ba5c274df9dd3cb9011731c38fc4cc.json","GameUI/Limbo/Scenes/GameLoading_v.json":"GameUI/Limbo/Scenes/GameLoading_v7ec41fb2eb3c4a9b0bbdb0d1b94abd37.json","GameUI/Limbo/Scenes/GameScene_h.json":"GameUI/Limbo/Scenes/GameScene_heb6bb656fdedec00a959e7ee897ed916.json","GameUI/Limbo/Scenes/GameScene_v.json":"GameUI/Limbo/Scenes/GameScene_vd7e7cfaf2e74dbc396a0f50654c447d6.json","GameUI/Limbo/View/AutoNumberCell_h.json":"GameUI/Limbo/View/AutoNumberCell_h0e1874a425b5b01ed7d785efc1daceb5.json","GameUI/Limbo/View/AutoNumberCell_v.json":"GameUI/Limbo/View/AutoNumberCell_v6e78dc9952e524cdf9e34c90aa55401a.json","GameUI/Limbo/View/AutoPlaySelected_h.json":"GameUI/Limbo/View/AutoPlaySelected_h8ff949154b411cd03f2f1772e8326742.json","GameUI/Limbo/View/AutoPlaySelected_v.json":"GameUI/Limbo/View/AutoPlaySelected_v66446033775c28a7404480de9544aae7.json","GameUI/Limbo/View/BetViewCell2_h.json":"GameUI/Limbo/View/BetViewCell2_h46ac4906e2c778419f9a596c2ad4b9e5.json","GameUI/Limbo/View/BetViewCell2_v.json":"GameUI/Limbo/View/BetViewCell2_v579351c7dd26e623d1c83d8461d4584f.json","GameUI/Limbo/View/CheckRoundSeedView_h.json":"GameUI/Limbo/View/CheckRoundSeedView_h6e92f8625b2b5c0e6087b25306238f09.json","GameUI/Limbo/View/CheckRoundSeedView_v.json":"GameUI/Limbo/View/CheckRoundSeedView_v03e778f911a85bb6672b76726e7a029d.json","GameUI/Limbo/View/DetailedRulesView_h.json":"GameUI/Limbo/View/DetailedRulesView_hc454d8922caa2aa763431e60707946ba.json","GameUI/Limbo/View/DetailedRulesView_v.json":"GameUI/Limbo/View/DetailedRulesView_vfd2f86b023cdcddf649f9c08ab6f4a6a.json","GameUI/Limbo/View/GameLimitsView_h.json":"GameUI/Limbo/View/GameLimitsView_h675bca45417d1b0c2026210b5f2a2951.json","GameUI/Limbo/View/GameLimitsView_v.json":"GameUI/Limbo/View/GameLimitsView_v8103da76060958764e797fb8e4a5acd7.json","GameUI/Limbo/View/GameLoadingBarNew.json":"GameUI/Limbo/View/GameLoadingBarNew626a3ba915c2a67bb67d54cd14cd4113.json","GameUI/Limbo/View/GameRulesView_h.json":"GameUI/Limbo/View/GameRulesView_h8f19e52b2e7c642efdda9da52d9cc65b.json","GameUI/Limbo/View/GameRulesView_v.json":"GameUI/Limbo/View/GameRulesView_va4904fcda986a89cd2894ba89cf03111.json","GameUI/Limbo/View/GreenDetailed_h.json":"GameUI/Limbo/View/GreenDetailed_hd4fa3a1fe28853b7f8d0dca89539fbbb.json","GameUI/Limbo/View/GreenDetailed_v.json":"GameUI/Limbo/View/GreenDetailed_vcbd7da8bb0c6519ae77f7a408f5b2b07.json","GameUI/Limbo/View/HeaderView_h.json":"GameUI/Limbo/View/HeaderView_h1151256da50c5e0338352a5c90ba471e.json","GameUI/Limbo/View/HeaderView_v.json":"GameUI/Limbo/View/HeaderView_vdc5e71da0855385add4524831049d650.json","GameUI/Limbo/View/LangSettingView_h.json":"GameUI/Limbo/View/LangSettingView_haf64cdddb3b2865cf0395438929f91e4.json","GameUI/Limbo/View/LangSettingView_v.json":"GameUI/Limbo/View/LangSettingView_vf0accabb1b67fda61c4b4a0d187ae242.json","GameUI/Limbo/View/LoadingView_h.json":"GameUI/Limbo/View/LoadingView_he6b8b52dc2db73d6d34cc7e4e7adc63e.json","GameUI/Limbo/View/LoadingView_v.json":"GameUI/Limbo/View/LoadingView_vfe193af862cb558d89ffe08bc8e89d40.json","GameUI/Limbo/View/MyBetViewCell_h.json":"GameUI/Limbo/View/MyBetViewCell_h398936ca8f84ea679bb3c7f0b2961da0.json","GameUI/Limbo/View/MyBetViewCell_v.json":"GameUI/Limbo/View/MyBetViewCell_vdf6385381a31cf81df3322ac19d55279.json","GameUI/Limbo/View/MyHistoryView_h.json":"GameUI/Limbo/View/MyHistoryView_h40382aca4c2af88e7e1d09877573ef87.json","GameUI/Limbo/View/MyHistoryView_v.json":"GameUI/Limbo/View/MyHistoryView_vbcba80e4223f45ba5aabb301f143c7fa.json","GameUI/Limbo/View/NumberCell_h.json":"GameUI/Limbo/View/NumberCell_hf1cc2371c1bdefbade1eb712b12ba7b2.json","GameUI/Limbo/View/NumberCell_v.json":"GameUI/Limbo/View/NumberCell_vf1cc2371c1bdefbade1eb712b12ba7b2.json","GameUI/Limbo/View/ResultViewCell_h.json":"GameUI/Limbo/View/ResultViewCell_hb8ddd6df069792c8a2671603b20853f0.json","GameUI/Limbo/View/ResultViewCell_v.json":"GameUI/Limbo/View/ResultViewCell_vc04b47199837a76b69cdc225ee05893e.json","GameUI/Limbo/View/ResultView_h.json":"GameUI/Limbo/View/ResultView_h312e99b6ce7ccaf2268bf893b33e323c.json","GameUI/Limbo/View/ResultView_v.json":"GameUI/Limbo/View/ResultView_vd4eafec498c75638328ca9e2082ce91e.json","GameUI/Limbo/View/ScreenSettingView_h.json":"GameUI/Limbo/View/ScreenSettingView_h608710f0e5e78595db672f20674a6bfe.json","GameUI/Limbo/View/ScreenSettingView_v.json":"GameUI/Limbo/View/ScreenSettingView_vb36514347bdfff07bca85561cf629312.json","GameUI/Limbo/View/UserInfoView_h.json":"GameUI/Limbo/View/UserInfoView_h7ff5d2f835647801f5b1d867d8b45fb0.json","GameUI/Limbo/View/UserInfoView_v.json":"GameUI/Limbo/View/UserInfoView_ve00c5d1375b138bf00f349b33735befd.json","res/atlas/Limbo/common/common/ui.atlas":"res/atlas/Limbo/common/common/ui42d432e1c81c3a9656af33e28d3ac71f.atlas","res/atlas/Limbo/common/common/ui.png":"res/atlas/Limbo/common/common/ui35675bc5f85ac283c3471de6740fffaf.png","res/atlas/Limbo/m/common/ui.atlas":"res/atlas/Limbo/m/common/uid75168d6a67b8af6d2d1565bcfd67c97.atlas","res/atlas/Limbo/m/common/ui.png":"res/atlas/Limbo/m/common/ui139ced19c4173c52c7dbd347e8a482cf.png","res/atlas/Limbo/m/en/ui.atlas":"res/atlas/Limbo/m/en/uic4f5c23378d939a60ee18a7b5f824d6f.atlas","res/atlas/Limbo/m/en/ui.png":"res/atlas/Limbo/m/en/uic717cbe6e7ba0d1343983a6c84644263.png","res/atlas/Limbo/m/hi/ui.atlas":"res/atlas/Limbo/m/hi/ui0d1108584f15e3bf87f9674578d08134.atlas","res/atlas/Limbo/m/hi/ui.png":"res/atlas/Limbo/m/hi/ui2f1e6b115bdfce52abbdcbc63033ecea.png","res/atlas/Limbo/m/id/ui.atlas":"res/atlas/Limbo/m/id/uia501ac1fecc31017864f749017a1be66.atlas","res/atlas/Limbo/m/id/ui.png":"res/atlas/Limbo/m/id/uidf7321e9ac8bdf493148005921849eaa.png","res/atlas/Limbo/m/ms/ui.atlas":"res/atlas/Limbo/m/ms/ui8050e79a7a29c02e299908fd37c28812.atlas","res/atlas/Limbo/m/ms/ui.png":"res/atlas/Limbo/m/ms/ui385b3e60fd7aea5d231caac53f5157fc.png","res/atlas/Limbo/m/pr/ui.atlas":"res/atlas/Limbo/m/pr/uid867f9d2685c3a3ffea1e88f2288f84d.atlas","res/atlas/Limbo/m/pr/ui.png":"res/atlas/Limbo/m/pr/ui6714e5ba19acd43ed5236b88b578daf5.png","res/atlas/Limbo/m/th/ui.atlas":"res/atlas/Limbo/m/th/ui5f3e5dea54f1784e89e9f148396b1035.atlas","res/atlas/Limbo/m/th/ui.png":"res/atlas/Limbo/m/th/uia9500a86992f142a3d68b7f496d085f5.png","res/atlas/Limbo/m/vi/ui.atlas":"res/atlas/Limbo/m/vi/ui1d7a76cdbcc7e5134ffe878933941d6e.atlas","res/atlas/Limbo/m/vi/ui.png":"res/atlas/Limbo/m/vi/ui348dcf9127ddbc46675dbe92972981c8.png","res/atlas/Limbo/m/zh-cn/ui.atlas":"res/atlas/Limbo/m/zh-cn/ui9d11bc3383e3c9cd9345236d42ca6583.atlas","res/atlas/Limbo/m/zh-cn/ui.png":"res/atlas/Limbo/m/zh-cn/uiface19a3ee80e26558f18a9bb47bb7f7.png","res/atlas/Limbo/pc/common/ui.atlas":"res/atlas/Limbo/pc/common/ui21b7aa59060afe03171bd9f0f86f284f.atlas","res/atlas/Limbo/pc/common/ui.png":"res/atlas/Limbo/pc/common/ui308204cde2594a3dd196fcf049bd71ce.png","res/atlas/Limbo/pc/en/ui.atlas":"res/atlas/Limbo/pc/en/ui2eb830cf820d1be99bfbd3e0f38581b5.atlas","res/atlas/Limbo/pc/en/ui.png":"res/atlas/Limbo/pc/en/ui846d227cd628c2ee6849f719ce35e5a2.png","res/atlas/Limbo/pc/hi/ui.atlas":"res/atlas/Limbo/pc/hi/uie0dea8ecdc22eb8e4dcdc72e4de37dce.atlas","res/atlas/Limbo/pc/hi/ui.png":"res/atlas/Limbo/pc/hi/uib07d682a5cc93ecb9cf79da8109dd0f6.png","res/atlas/Limbo/pc/id/ui.atlas":"res/atlas/Limbo/pc/id/uiefc5fb14b67c49e83c9c865a1209caea.atlas","res/atlas/Limbo/pc/id/ui.png":"res/atlas/Limbo/pc/id/ui9cbfbd9927cf2b0bff431d4566859141.png","res/atlas/Limbo/pc/ms/ui.atlas":"res/atlas/Limbo/pc/ms/ui32f329aabeaf7af328c07e1d99546b2c.atlas","res/atlas/Limbo/pc/ms/ui.png":"res/atlas/Limbo/pc/ms/ui50cf2ef8ed1e44219fec9f4e11048088.png","res/atlas/Limbo/pc/pr/ui.atlas":"res/atlas/Limbo/pc/pr/ui5f3517c4fe346c3a9d0086f37a30798b.atlas","res/atlas/Limbo/pc/pr/ui.png":"res/atlas/Limbo/pc/pr/uide8ccc183d740972909e65a4184b28c1.png","res/atlas/Limbo/pc/th/ui.atlas":"res/atlas/Limbo/pc/th/ui599edb3385c2a78b54fbf9dce33a5ae8.atlas","res/atlas/Limbo/pc/th/ui.png":"res/atlas/Limbo/pc/th/uida7f8a39ba15f3af7565c216d6fa79b8.png","res/atlas/Limbo/pc/vi/ui.atlas":"res/atlas/Limbo/pc/vi/ui39be7c4b2728b37aed046db83b9e0a29.atlas","res/atlas/Limbo/pc/vi/ui.png":"res/atlas/Limbo/pc/vi/ui454c128cb047433989d6ed3002259efa.png","res/atlas/Limbo/pc/zh-cn/ui.atlas":"res/atlas/Limbo/pc/zh-cn/ui68cc2426b49afaacee714835fae98265.atlas","res/atlas/Limbo/pc/zh-cn/ui.png":"res/atlas/Limbo/pc/zh-cn/ui44c5533f5f3f0b92faae7a02f3f7643c.png","Limbo/common/common/ani/loading.atlas":"Limbo/common/common/ani/loading97d180cab56982f40244814126dc495b.atlas","Limbo/common/common/ani/loading.png":"Limbo/common/common/ani/loading61f4893438ecc80baafa265edc3ca7fe.png","Limbo/common/common/ani/roundid.atlas":"Limbo/common/common/ani/roundid2565e796efc0cc535fa967574ee0457c.atlas","Limbo/common/common/ani/roundid.png":"Limbo/common/common/ani/roundid7b89e817b642819cfb98024008859644.png","Limbo/m/common/spine/huojian.png":"Limbo/m/common/spine/huojian2c2adfe1167bb2a4210664d23c861330.png","Limbo/m/common/spine/huojian.sk":"Limbo/m/common/spine/huojianb67238c6da587c0afe4058c916f00c3c.sk","Limbo/m/common/spine/shu_xingkong.png":"Limbo/m/common/spine/shu_xingkong2057b89ff5888fc7e2ea839809aa2a00.png","Limbo/m/common/spine/shu_xingkong.sk":"Limbo/m/common/spine/shu_xingkonga135087bc3dcfebcce2e2c213599b33d.sk","Limbo/pc/common/spine/heng_xingkong.png":"Limbo/pc/common/spine/heng_xingkongadacad8d2ada3a0b417d33c3cec17123.png","Limbo/pc/common/spine/heng_xingkong.sk":"Limbo/pc/common/spine/heng_xingkongf52218bc9a9ddf6a0fbe47e796cdd6a3.sk","Limbo/pc/common/spine/huojian.png":"Limbo/pc/common/spine/huojian2c2adfe1167bb2a4210664d23c861330.png","Limbo/pc/common/spine/huojian.sk":"Limbo/pc/common/spine/huojianb67238c6da587c0afe4058c916f00c3c.sk","tmpjs/Limbo.js":"tmpjs/Limboa998c5f9a326621e0956c23f731d3de9.js","Json/LimboFileConfig.json":"Json/LimboFileConfig1337c105cf728eb086c9f0b417dbf465.json"}