{"res/atlas/Common/common/common/autoPlay.atlas":["Common/common/common/autoPlay/",["0000.png","btn_autoPlay.png","btn_autoPlay4.png","btn_close.png","btn_startPlay.png","btn_stop.png"]],"res/atlas/Common/common/common/comp.atlas":["Common/common/common/comp/",["blank.png","hscroll$bar.png","hscroll$down.png","hscroll$up.png","hscroll.png","hslider.png","html.png","label.png","linkbutton.png","progress$bar.png","progress.png","radio.png","radiogroup.png","textarea.png","textinput.png","transparent.png","vscroll$bar.png","vscroll$down.png","vscroll$up.png","vscroll.png","vslider$bar.png","vslider.png"]],"res/atlas/Common/common/common/dialog.atlas":["Common/common/common/dialog/",["bg_hall.png","bg_pop.png","btn_hall_close.png","img_bonus.png","img_dym.png","img_errors.png","img_frame4.png","img_frame5.png","img_line.png","img_windowBg.png"]],"res/atlas/Common/common/common/loading/bg.atlas":["Common/common/common/loading/bg/",["bg_loading.jpg","bg_loading_v.jpg"]],"res/atlas/Common/common/common/loading/common.atlas":["Common/common/common/loading/common/",["bgPro.png","imgPro.png","img_n0.png","img_n1.png","img_n10.png","img_n2.png","img_n3.png","img_n4.png","img_n5.png","img_n6.png","img_n7.png","img_n8.png","img_n9.png"]],"res/atlas/Common/common/common/loading/others.atlas":["Common/common/common/loading/others/",["textinput.png"]],"res/atlas/Common/common/common/loading/spin.atlas":["Common/common/common/loading/spin/",["loading.png"]],"res/atlas/Common/common/common/ui.atlas":["Common/common/common/ui/",["btn_OnOff.png","num_betInfoE0.png","num_betInfoE1.png","num_betInfoE10.png","num_betInfoE11.png","num_betInfoE12.png","num_betInfoE13.png","num_betInfoE14.png","num_betInfoE2.png","num_betInfoE3.png","num_betInfoE4.png","num_betInfoE5.png","num_betInfoE6.png","num_betInfoE7.png","num_betInfoE8.png","num_betInfoE9.png","num_betInfoECom.png","num_betInfoEDot.png"]],"res/atlas/Common/common/common/userinfo.atlas":["Common/common/common/userinfo/",["btnHead.png","btn_iconAnimation.png","btn_iconChangeavatar.png","btn_iconGamelimits.png","btn_iconMusic.png","btn_iconMybetHistory.png","btn_iconSound.png","img_frame8_.png","img_frame8_1.png","img_frame8_2.png","img_headBg1.png"]],"res/atlas/Common/common/common/verification.atlas":["Common/common/common/verification/",["img_frame5_2.png"]],"res/atlas/Common/common/en/ui.atlas":["Common/common/en/ui/",["btn_cancel.png","btn_nomoney.png","btn_ok.png","btn_recharge.png","btn_reconnect.png","btn_refresh.png","context_nomoney.png","context_recharge.png","context_returnhall.png","title_nomoney.png","title_returnhall.png","title_tip.png","txt_banance.png"]],"res/atlas/Common/common/hi/ui.atlas":["Common/common/hi/ui/",["btn_reconnect.png","btn_refresh.png"]],"res/atlas/Common/common/id/ui.atlas":["Common/common/id/ui/",["btn_reconnect.png","btn_refresh.png"]],"res/atlas/Common/common/ms/ui.atlas":["Common/common/ms/ui/",["btn_reconnect.png","btn_refresh.png"]],"res/atlas/Common/common/pr/ui.atlas":["Common/common/pr/ui/",["btn_reconnect.png","btn_refresh.png"]],"res/atlas/Common/common/th/ui.atlas":["Common/common/th/ui/",["btn_reconnect.png","btn_refresh.png"]],"res/atlas/Common/common/vi/ui.atlas":["Common/common/vi/ui/",["btn_reconnect.png","btn_refresh.png"]],"res/atlas/Common/common/zh-cn/ui.atlas":["Common/common/zh-cn/ui/",["btn_cancel.png","btn_nomoney.png","btn_ok.png","btn_recharge.png","btn_reconnect.png","btn_refresh.png","context_nomoney.png","context_recharge.png","context_returnhall.png","title_nomoney.png","title_returnhall.png","title_tip.png","txt_banance.png"]],"res/atlas/Common/m/common/ui.atlas":["Common/m/common/ui/",["btn_check.png","btn_choose_001.png","btn_choose_002.png","btn_choose_01.png","btn_choose_02.png","btn_close.png","img_frame01_01.png","img_frame01_02.png","img_frameLine_03.png","img_frame_03.png","img_iconChip.png","img_iconFullscreen.png","img_iconGamelimits.png","img_iconGamerules.png","img_iconLanguage.png","img_iconMybetHistory.png","img_iconSound.png","img_lang_hi.png","img_mode1.png","img_mode_heng.png","img_mode_shu.png","img_windowBg.png","img_windowBg_02.png","vs$bar.png","vs$down.png","vs$up.png","vs.png","vscroll$bar.png","vscroll$down.png","vscroll$up.png","vscroll.png"]],"res/atlas/Common/m/en/ui.atlas":["Common/m/en/ui/",["btn_ok_0.png","btn_ok_03.png","img_mode2.png","img_set_01.png","img_set_02.png","img_set_03.png","img_set_04.png","img_set_05.png","img_set_06.png","img_set_07.png","img_title_language.png","title_mode.png"]],"res/atlas/Common/m/hi/ui.atlas":["Common/m/hi/ui/",["btn_ok_0.png","btn_ok_03.png","img_mode2.png","img_set_01.png","img_set_02.png","img_set_03.png","img_set_04.png","img_set_05.png","img_set_06.png","img_set_07.png","img_title_language.png","title_mode.png"]],"res/atlas/Common/m/id/ui.atlas":["Common/m/id/ui/",["btn_ok_0.png","btn_ok_03.png","img_mode2.png","img_set_01.png","img_set_02.png","img_set_03.png","img_set_04.png","img_set_05.png","img_set_06.png","img_set_07.png","img_title_language.png","title_mode.png"]],"res/atlas/Common/m/ms/ui.atlas":["Common/m/ms/ui/",["btn_ok_0.png","btn_ok_03.png","img_mode2.png","img_set_01.png","img_set_02.png","img_set_03.png","img_set_04.png","img_set_05.png","img_set_06.png","img_set_07.png","img_title_language.png","title_mode.png"]],"res/atlas/Common/m/pr/ui.atlas":["Common/m/pr/ui/",["btn_ok_0.png","btn_ok_03.png","img_mode2.png","img_set_01.png","img_set_02.png","img_set_03.png","img_set_04.png","img_set_05.png","img_set_06.png","img_set_07.png","img_title_language.png","title_mode.png"]],"res/atlas/Common/m/th/ui.atlas":["Common/m/th/ui/",["btn_ok_0.png","btn_ok_03.png","img_mode2.png","img_set_01.png","img_set_02.png","img_set_03.png","img_set_04.png","img_set_05.png","img_set_06.png","img_set_07.png","img_title_language.png","title_mode.png"]],"res/atlas/Common/m/vi/ui.atlas":["Common/m/vi/ui/",["btn_ok_0.png","btn_ok_03.png","img_mode2.png","img_set_01.png","img_set_02.png","img_set_03.png","img_set_04.png","img_set_05.png","img_set_06.png","img_set_07.png","img_title_language.png","title_mode.png"]],"res/atlas/Common/pc/common/ui.atlas":["Common/pc/common/ui/",["btn_check.png","btn_choose_001.png","btn_choose_002.png","btn_choose_01.png","btn_choose_02.png","btn_close.png","img_frame01_01.png","img_frame01_02.png","img_frame02_01.png","img_frame02_02.png","img_frameLine_03.png","img_frame_0.png","img_frame_03.png","img_iconChip.png","img_iconFullscreen.png","img_iconGamelimits.png","img_iconGamerules.png","img_iconLanguage.png","img_iconMybetHistory.png","img_iconSound.png","img_lang_hi.png","img_mode1.png","img_mode_heng.png","img_mode_shu.png","img_windowBg.png","img_windowBg_02.png","vs$bar.png","vs$down.png","vs$up.png","vs.png","vscroll$bar.png","vscroll$down.png","vscroll$up.png","vscroll.png"]],"res/atlas/Common/pc/en/ui.atlas":["Common/pc/en/ui/",["btn_ok_0.png","btn_ok_03.png","img_mode2.png","img_set_01.png","img_set_02.png","img_set_03.png","img_set_04.png","img_set_05.png","img_set_06.png","img_set_07.png","img_title_language.png","title_mode.png"]],"res/atlas/Common/pc/hi/ui.atlas":["Common/pc/hi/ui/",["btn_ok_0.png","btn_ok_03.png","img_mode2.png","img_set_01.png","img_set_02.png","img_set_03.png","img_set_04.png","img_set_05.png","img_set_06.png","img_set_07.png","img_title_language.png","title_mode.png"]],"res/atlas/Common/pc/id/ui.atlas":["Common/pc/id/ui/",["btn_ok_0.png","btn_ok_03.png","img_mode2.png","img_set_01.png","img_set_02.png","img_set_03.png","img_set_04.png","img_set_05.png","img_set_06.png","img_set_07.png","img_title_language.png","title_mode.png"]],"res/atlas/Common/pc/ms/ui.atlas":["Common/pc/ms/ui/",["btn_ok_0.png","btn_ok_03.png","img_mode2.png","img_set_01.png","img_set_02.png","img_set_03.png","img_set_04.png","img_set_05.png","img_set_06.png","img_set_07.png","img_title_language.png","title_mode.png"]],"res/atlas/Common/pc/pr/ui.atlas":["Common/pc/pr/ui/",["btn_ok_0.png","btn_ok_03.png","img_mode2.png","img_set_01.png","img_set_02.png","img_set_03.png","img_set_04.png","img_set_05.png","img_set_06.png","img_set_07.png","img_title_language.png","title_mode.png"]],"res/atlas/Common/pc/th/ui.atlas":["Common/pc/th/ui/",["btn_ok_0.png","btn_ok_03.png","img_mode2.png","img_set_01.png","img_set_02.png","img_set_03.png","img_set_04.png","img_set_05.png","img_set_06.png","img_set_07.png","img_title_language.png","title_mode.png"]],"res/atlas/Common/pc/vi/ui.atlas":["Common/pc/vi/ui/",["btn_ok_0.png","btn_ok_03.png","img_mode2.png","img_set_01.png","img_set_02.png","img_set_03.png","img_set_04.png","img_set_05.png","img_set_06.png","img_set_07.png","img_title_language.png","title_mode.png"]],"res/atlas/Limbo/common/common/ui.atlas":["Limbo/common/common/ui/",["btn_scrollbarButton_01.png","btn_scrollbarButton_02.png","img_dym.png","img_loading.png","img_loading_00.png","img_loading_01.png","img_loading_02.png","img_loading_03.png","img_loading_04.png","img_loading_05.png","img_loading_06.png","img_loading_07.png","img_loading_08.png","img_loading_09.png","img_loading_percentage.png","img_logo.png","img_timeNum_green.png","img_timeNum_red.png","input.png","loading$bar.png","loading.png"]],"res/atlas/Limbo/m/common/ui.atlas":["Limbo/m/common/ui/",["bg.png","bg_frame_1.png","bg_frame_2.png","bg_frame_3.png","bg_frame_4.png","brn_num.png","brn_num_1.png","brn_num_2.png","btnHead.png","btn_about_0.png","btn_add.png","btn_add_0.png","btn_autoPlay.png","btn_betAdd_0.png","btn_betAdd_03.png","btn_betCoin_0.png","btn_betCoin_03.png","btn_betDec_0.png","btn_betDec_03.png","btn_bet_0.png","btn_button2.png","btn_button4_1.png","btn_button4_3.png","btn_button7_3.png","btn_buttonClose.png","btn_button_.png","btn_cashOut_0.png","btn_change_0.png","btn_change_03.png","btn_change_1.png","btn_check.png","btn_choose_001.png","btn_choose_002.png","btn_choose_01.png","btn_choose_02.png","btn_clear.png","btn_close.png","btn_close2.png","btn_com.png","btn_copy_0.png","btn_copy_03.png","btn_copy_1.png","btn_dec.png","btn_dec_0.png","btn_downward.png","btn_enterDelete.png","btn_enterDelete_01.png","btn_enterDelete_02.png","btn_enterOk.png","btn_enterOk_button.png","btn_enterOk_button2.png","btn_enter_0.png","btn_enter_03.png","btn_enter_2.png","btn_gameLimits.png","btn_howToplay.png","btn_howToplay_02.png","btn_howToplay_com.png","btn_iconAnimation.png","btn_iconBacktoHome.png","btn_iconChangeavatar.png","btn_iconFreebets.png","btn_iconGamelimits.png","btn_iconGamerules.png","btn_iconInspect.png","btn_iconMusic.png","btn_iconMybetHistory.png","btn_iconProvablyfairSettings.png","btn_iconRound1.png","btn_iconRound2.png","btn_iconRound3.png","btn_iconSound.png","btn_information_0.png","btn_loading1_1.png","btn_loadingBg_01.png","btn_loading_01.png","btn_loading_02.png","btn_loading_me$bar.png","btn_loading_me.png","btn_moreOptions_02.png","btn_ok.png","btn_s01_0.png","btn_s01_03.png","btn_s02_0.png","btn_s02_03.png","btn_scrollbarButton_01.png","btn_scrollbarButton_02.png","btn_setUp_0.png","btn_setUp_03.png","btn_start_.png","btn_tagBg.png","btn_tagBg2.png","btn_targetAdd_0.png","btn_targetAdd_03.png","btn_targetDec_0.png","btn_targetDec_03.png","btn_timeBg.png","btn_time_0.png","btn_time_03.png","btn_time_1.png","btn_title.png","btn_title1.png","btn_title1_1.png","btn_title1_2.png","btn_title2.png","btn_title3.png","btn_underK.png","img_LastResults_bg.png","img_bet01_01.png","img_bet01_02.png","img_bet02.png","img_bet1.png","img_bet2.png","img_bet3.png","img_betUsdbg.png","img_bg.png","img_bg1.png","img_bg2.png","img_bg3.png","img_bg4.png","img_bg5.png","img_com.png","img_d1.png","img_d2.png","img_enterBg.png","img_enterBg2.png","img_errors.png","img_frame01.jpg","img_frame01.png","img_frame01_0.png","img_frame01_01.png","img_frame01_02.png","img_frame01_1.png","img_frame02.png","img_frame02_01.png","img_frame02_02.png","img_frame03.png","img_frame1.png","img_frame10.png","img_frame11.png","img_frame2.png","img_frame22.png","img_frame3.png","img_frame33.png","img_frame33_.png","img_frame4.png","img_frame5.png","img_frame5_2.png","img_frame6.png","img_frame7_line.png","img_frame8_.png","img_frame8_1.png","img_frame8_2.png","img_frameAdd.png","img_frameAdd_2.png","img_frameAdd_3.png","img_frameLine_01.png","img_frameLine_02.png","img_frameLine_03.png","img_frame_0.png","img_frame_03.png","img_frame_04.png","img_frame_05.png","img_gameBg_01.png","img_gameBg_02.png","img_gameModule_line.png","img_gameNum.png","img_headBg1.png","img_headBg1_02.png","img_historyBg.png","img_hugeWins.png","img_iconGamelimits.png","img_iconGamerules.png","img_iconLanguage.png","img_iconMybetHistory.png","img_iconRound_01.png","img_iconRound_02.png","img_iconRound_03.png","img_iconSound.png","img_issueBg.png","img_k0.png","img_k1.png","img_k2.png","img_k3.png","img_k4.png","img_k5.png","img_k6.png","img_k7.png","img_k8.png","img_k9.png","img_kDot.png","img_keyboard_Bg.png","img_lang_hi.png","img_logo.png","img_mode1.png","img_mode_heng.png","img_mode_shu.png","img_money1.png","img_money2.png","img_money3.png","img_money_1.png","img_money_2.png","img_num.png","img_num2_symbol1.png","img_num_0.png","img_num_01.png","img_num_02.png","img_num_1.png","img_num_10.png","img_num_2.png","img_num_3.png","img_num_4.png","img_num_5.png","img_num_6.png","img_num_7.png","img_num_8.png","img_num_9.png","img_number01_00.png","img_number01_01.png","img_number01_010.png","img_number01_02.png","img_number01_03.png","img_number01_04.png","img_number01_05.png","img_number01_06.png","img_number01_07.png","img_number01_08.png","img_number01_09.png","img_number01_0Dot.png","img_number01_10.png","img_number01_11.png","img_number01_add.png","img_number01_com.png","img_number01_dec.png","img_number01_dot.png","img_number01_k.png","img_number01_l.png","img_number01_m1.png","img_number01_m2.png","img_number01_m3.png","img_number01_per.png","img_number01_symbol1.png","img_number01_symbol2.png","img_number01_usd01.png","img_number01_usd02.png","img_number02_00.png","img_number02_01.png","img_number02_010.png","img_number02_02.png","img_number02_03.png","img_number02_04.png","img_number02_05.png","img_number02_06.png","img_number02_07.png","img_number02_08.png","img_number02_09.png","img_number02_0Dot.png","img_number02_10.png","img_number02_b.png","img_number02_com.png","img_number02_dot.png","img_number02_m1.png","img_number02_m2.png","img_number02_m3.png","img_number02_symbol1.png","img_number02_symbol2.png","img_number02_usd.png","img_number02_x.png","img_number03_00.png","img_number03_01.png","img_number03_010.png","img_number03_02.png","img_number03_03.png","img_number03_04.png","img_number03_05.png","img_number03_06.png","img_number03_07.png","img_number03_08.png","img_number03_09.png","img_number03_0Dot.png","img_number03_com.png","img_number03_dot.png","img_number03_x.png","img_number04_00.png","img_number04_01.png","img_number04_02.png","img_number04_03.png","img_number04_04.png","img_number04_05.png","img_number04_06.png","img_number04_07.png","img_number04_08.png","img_number04_09.png","img_number04_com.png","img_number04_dot.png","img_payoutBg_01.png","img_payoutBg_02.png","img_seed_bg.png","img_target01.png","img_target02.png","img_targetBg.png","img_tiao_.png","img_tiao_1.png","img_timeBg.png","img_timeM.png","img_timeNum_bg.png","img_timeNum_green.png","img_timeNum_red.png","img_windowBg.png","img_windowBg_01.png","img_windowBg_02.png","input.png","loading$bar.png","loading.png","vs$bar.png","vs$down.png","vs$up.png","vs.png","vscroll$bar.png","vscroll$down.png","vscroll$up.png","vscroll.png"]],"res/atlas/Limbo/m/en/ui.atlas":["Limbo/m/en/ui/",["btn_allBets.png","btn_autoGame_01.png","btn_autoPlay.png","btn_bet.png","btn_bet_0.png","btn_bet_03.png","btn_cancel.png","btn_cashout.png","btn_clear.png","btn_copy.png","btn_copy_01.png","btn_copy_02.png","btn_home.png","btn_howToplay.png","btn_instructionsCheck.png","btn_loadMore.png","btn_mines.png","btn_moneySymbol.png","btn_myBets.png","btn_ok.png","btn_ok_0.png","btn_ok_03.png","btn_page_01.png","btn_page_02.png","btn_random.png","btn_readMore.png","btn_roundDetails_tag_01.png","btn_roundDetails_tag_02.png","btn_startAuto.png","btn_startAuto_0.png","btn_startAuto_03.png","btn_stop.png","btn_validate.png","btn_validate_01.png","btn_validate_02.png","btn_whatIsprovablyFair.png","btn_whatIsprovablyFair_0.png","img_1user.png","img_2bet.png","img_3mult.png","img_4cashOut.png","img_5date.png","img_MaximumBet.png","img_MinimumBet.png","img_Payout.png","img_autoCashout.png","img_autoPlay_01.png","img_autoPlay_02.png","img_autoPlay_03.png","img_autoPlay_direction.png","img_autoPlay_num.png","img_autoPlay_over.png","img_autoPlay_under.png","img_bet.png","img_betUsd.png","img_cashOut.png","img_cashedOut.png","img_checkFaimess.png","img_flewAway.png","img_gameH_01.png","img_gameH_02.png","img_gameH_03.png","img_gameH_04.png","img_gameResult_01.png","img_gameResult_02.png","img_gameResult_03.png","img_gameResult_04.png","img_gameResult_05.png","img_gameResults_04.png","img_gameResults_05.png","img_homeChance.png","img_homeLastresults.png","img_homePayout.png","img_homePotentialwin.png","img_icon1.png","img_icon10.png","img_icon2.png","img_icon3.png","img_icon4.png","img_icon6.png","img_icon7.png","img_icon8.png","img_icon9.png","img_id.png","img_issue_01.png","img_issue_02.png","img_issue_03.png","img_issue_04.png","img_issue_05.png","img_loading.png","img_loading_h.png","img_loading_s.png","img_logo.png","img_maximumWin.png","img_maximum_01.png","img_maximum_02.png","img_maximum_03.png","img_mode2.png","img_next.png","img_num6Money.png","img_popupDetailed.png","img_popupGamelimits.png","img_popupGamerules.png","img_popupHowtoplay.png","img_popupMybetsHistory.png","img_reset_1.png","img_roundId.png","img_round_1.png","img_round_2.png","img_round_3.png","img_round_4.png","img_round_5.png","img_set_01.png","img_set_02.png","img_set_03.png","img_set_04.png","img_set_05.png","img_start_1.png","img_target.png","img_title_aboutProvablyfair.png","img_title_autoPlay.png","img_title_betsHistory.png","img_title_chooseAvatvr.png","img_title_gameHistory.png","img_title_gameLimits.png","img_title_gameRules.png","img_title_howToplay.png","img_title_language.png","img_title_paytable.png","img_title_round.png","img_title_roundDetails.png","img_title_roundDetails_id.png","img_title_whatIsprovablyFair.png","img_totalAmount.png","img_totalBets.png","img_validationData_01.png","img_validationData_02.png","img_validationData_03.png","img_validationData_04.png","img_validationData_05.png","img_waiting.png","img_waitingFornetRound.png","img_word1.png","img_word2.png","img_word4.png","img_word5.png","img_word6.png","img_word7.png","img_word8.png","img_word9.png","img_word_1.png","img_word_1_1.png","img_word_2.png","img_word_2_1.png","img_word_3.png","img_word_3_1.png","img_youGot.png","img_youHavecashed.png","title_history.png","title_mode.png","title_zd.png"]],"res/atlas/Limbo/m/hi/ui.atlas":["Limbo/m/hi/ui/",["btn_bet_0.png","btn_bet_03.png","btn_copy_0.png","btn_copy_03.png","btn_ok_0.png","btn_ok_03.png","btn_page_01.png","btn_page_013.png","btn_page_02.png","btn_page_023.png","btn_roundDetails_tag_01.png","btn_roundDetails_tag_02.png","btn_startAuto_0.png","btn_startAuto_03.png","btn_validate_0.png","btn_validate_03.png","btn_whatIsprovablyFair_0.png","img_autoPlay_01.png","img_autoPlay_02.png","img_autoPlay_03.png","img_autoPlay_num.png","img_betUsd.png","img_gameH_01.png","img_gameH_02.png","img_gameH_03.png","img_gameH_04.png","img_gameResult_01.png","img_gameResult_02.png","img_gameResult_03.png","img_gameResult_04.png","img_gameResult_05.png","img_homeLastresults.png","img_issue_01.png","img_issue_02.png","img_issue_03.png","img_issue_04.png","img_issue_05.png","img_loading.png","img_loading_s.png","img_maximum_01.png","img_maximum_02.png","img_maximum_03.png","img_mode2.png","img_set_01.png","img_set_02.png","img_set_03.png","img_set_04.png","img_set_05.png","img_target.png","img_title_aboutProvablyfair.png","img_title_autoPlay.png","img_title_gameHistory.png","img_title_gameLimits.png","img_title_gameRules.png","img_title_howToplay.png","img_title_language.png","img_title_roundDetails.png","img_validationData_01.png","img_validationData_02.png","img_validationData_03.png","img_validationData_04.png","img_validationData_05.png","title_mode.png"]],"res/atlas/Limbo/m/id/ui.atlas":["Limbo/m/id/ui/",["btn_bet_0.png","btn_bet_03.png","btn_copy_0.png","btn_copy_03.png","btn_ok_0.png","btn_ok_03.png","btn_page_01.png","btn_page_013.png","btn_page_02.png","btn_page_023.png","btn_roundDetails_tag_01.png","btn_roundDetails_tag_02.png","btn_startAuto_0.png","btn_startAuto_03.png","btn_validate_0.png","btn_validate_03.png","btn_whatIsprovablyFair_0.png","img_autoPlay_01.png","img_autoPlay_02.png","img_autoPlay_03.png","img_autoPlay_num.png","img_betUsd.png","img_gameH_01.png","img_gameH_02.png","img_gameH_03.png","img_gameH_04.png","img_gameResult_01.png","img_gameResult_02.png","img_gameResult_03.png","img_gameResult_04.png","img_gameResult_05.png","img_homeLastresults.png","img_issue_01.png","img_issue_02.png","img_issue_03.png","img_issue_04.png","img_issue_05.png","img_loading.png","img_loading_s.png","img_maximum_01.png","img_maximum_02.png","img_maximum_03.png","img_mode2.png","img_set_01.png","img_set_02.png","img_set_03.png","img_set_04.png","img_set_05.png","img_target.png","img_title_aboutProvablyfair.png","img_title_autoPlay.png","img_title_gameHistory.png","img_title_gameLimits.png","img_title_gameRules.png","img_title_howToplay.png","img_title_language.png","img_title_roundDetails.png","img_validationData_01.png","img_validationData_02.png","img_validationData_03.png","img_validationData_04.png","img_validationData_05.png","title_mode.png"]],"res/atlas/Limbo/m/ms/ui.atlas":["Limbo/m/ms/ui/",["btn_bet_0.png","btn_bet_03.png","btn_copy_0.png","btn_copy_03.png","btn_ok_0.png","btn_ok_03.png","btn_page_01.png","btn_page_013.png","btn_page_02.png","btn_page_023.png","btn_roundDetails_tag_01.png","btn_roundDetails_tag_02.png","btn_startAuto_0.png","btn_startAuto_03.png","btn_validate_0.png","btn_validate_03.png","btn_whatIsprovablyFair_0.png","img_autoPlay_01.png","img_autoPlay_02.png","img_autoPlay_03.png","img_autoPlay_num.png","img_betUsd.png","img_gameH_01.png","img_gameH_02.png","img_gameH_03.png","img_gameH_04.png","img_gameResult_01.png","img_gameResult_02.png","img_gameResult_03.png","img_gameResult_04.png","img_gameResult_05.png","img_homeLastresults.png","img_issue_01.png","img_issue_02.png","img_issue_03.png","img_issue_04.png","img_issue_05.png","img_loading.png","img_loading_s.png","img_maximum_01.png","img_maximum_02.png","img_maximum_03.png","img_mode2.png","img_set_01.png","img_set_02.png","img_set_03.png","img_set_04.png","img_set_05.png","img_target.png","img_title_aboutProvablyfair.png","img_title_autoPlay.png","img_title_gameHistory.png","img_title_gameLimits.png","img_title_gameRules.png","img_title_howToplay.png","img_title_language.png","img_title_roundDetails.png","img_validationData_01.png","img_validationData_02.png","img_validationData_03.png","img_validationData_04.png","img_validationData_05.png","title_mode.png"]],"res/atlas/Limbo/m/pr/ui.atlas":["Limbo/m/pr/ui/",["btn_bet_0.png","btn_bet_03.png","btn_copy_0.png","btn_copy_03.png","btn_ok_0.png","btn_ok_03.png","btn_page_01.png","btn_page_013.png","btn_page_02.png","btn_page_023.png","btn_roundDetails_tag_01.png","btn_roundDetails_tag_02.png","btn_startAuto_0.png","btn_startAuto_03.png","btn_validate_0.png","btn_validate_03.png","btn_whatIsprovablyFair_0.png","img_autoPlay_01.png","img_autoPlay_02.png","img_autoPlay_03.png","img_autoPlay_num.png","img_betUsd.png","img_gameH_01.png","img_gameH_02.png","img_gameH_03.png","img_gameH_04.png","img_gameResult_01.png","img_gameResult_02.png","img_gameResult_03.png","img_gameResult_04.png","img_gameResult_05.png","img_homeLastresults.png","img_issue_01.png","img_issue_02.png","img_issue_03.png","img_issue_04.png","img_issue_05.png","img_loading.png","img_loading_s.png","img_maximum_01.png","img_maximum_02.png","img_maximum_03.png","img_mode2.png","img_set_01.png","img_set_02.png","img_set_03.png","img_set_04.png","img_set_05.png","img_target.png","img_title_aboutProvablyfair.png","img_title_autoPlay.png","img_title_gameHistory.png","img_title_gameLimits.png","img_title_gameRules.png","img_title_howToplay.png","img_title_language.png","img_title_roundDetails.png","img_validationData_01.png","img_validationData_02.png","img_validationData_03.png","img_validationData_04.png","img_validationData_05.png","title_mode.png"]],"res/atlas/Limbo/m/th/ui.atlas":["Limbo/m/th/ui/",["btn_bet_0.png","btn_bet_03.png","btn_copy_0.png","btn_copy_03.png","btn_ok_0.png","btn_ok_03.png","btn_page_01.png","btn_page_013.png","btn_page_02.png","btn_page_023.png","btn_roundDetails_tag_01.png","btn_roundDetails_tag_02.png","btn_startAuto_0.png","btn_startAuto_03.png","btn_validate_0.png","btn_validate_03.png","btn_whatIsprovablyFair_0.png","img_autoPlay_01.png","img_autoPlay_02.png","img_autoPlay_03.png","img_autoPlay_num.png","img_betUsd.png","img_gameH_01.png","img_gameH_02.png","img_gameH_03.png","img_gameH_04.png","img_gameResult_01.png","img_gameResult_02.png","img_gameResult_03.png","img_gameResult_04.png","img_gameResult_05.png","img_homeLastresults.png","img_issue_01.png","img_issue_02.png","img_issue_03.png","img_issue_04.png","img_issue_05.png","img_loading.png","img_loading_s.png","img_maximum_01.png","img_maximum_02.png","img_maximum_03.png","img_mode2.png","img_set_01.png","img_set_02.png","img_set_03.png","img_set_04.png","img_set_05.png","img_target.png","img_title_aboutProvablyfair.png","img_title_autoPlay.png","img_title_gameHistory.png","img_title_gameLimits.png","img_title_gameRules.png","img_title_howToplay.png","img_title_language.png","img_title_roundDetails.png","img_validationData_01.png","img_validationData_02.png","img_validationData_03.png","img_validationData_04.png","img_validationData_05.png","title_mode.png"]],"res/atlas/Limbo/m/vi/ui.atlas":["Limbo/m/vi/ui/",["btn_bet_0.png","btn_bet_03.png","btn_copy_0.png","btn_copy_03.png","btn_ok_0.png","btn_ok_03.png","btn_page_01.png","btn_page_013.png","btn_page_02.png","btn_page_023.png","btn_roundDetails_tag_01.png","btn_roundDetails_tag_02.png","btn_startAuto_0.png","btn_startAuto_03.png","btn_validate_0.png","btn_validate_03.png","btn_whatIsprovablyFair_0.png","img_autoPlay_01.png","img_autoPlay_02.png","img_autoPlay_03.png","img_autoPlay_num.png","img_betUsd.png","img_gameH_01.png","img_gameH_02.png","img_gameH_03.png","img_gameH_04.png","img_gameResult_01.png","img_gameResult_02.png","img_gameResult_03.png","img_gameResult_04.png","img_gameResult_05.png","img_homeLastresults.png","img_issue_01.png","img_issue_02.png","img_issue_03.png","img_issue_04.png","img_loading.png","img_loading_s.png","img_maximum_01.png","img_maximum_02.png","img_maximum_03.png","img_mode2.png","img_set_01.png","img_set_02.png","img_set_03.png","img_set_04.png","img_set_05.png","img_target.png","img_title_aboutProvablyfair.png","img_title_autoPlay.png","img_title_gameHistory.png","img_title_gameLimits.png","img_title_gameRules.png","img_title_howToplay.png","img_title_language.png","img_title_roundDetails.png","img_validationData_01.png","img_validationData_02.png","img_validationData_03.png","img_validationData_04.png","img_validationData_05.png","title_mode.png"]],"res/atlas/Limbo/m/zh-cn/ui.atlas":["Limbo/m/zh-cn/ui/",["btn_allBets.png","btn_autoGame_01.png","btn_autoGame_02.png","btn_autoPlay.png","btn_bet.png","btn_bet_0.png","btn_bet_03.png","btn_cancel.png","btn_cashout.png","btn_clear.png","btn_copy_0.png","btn_copy_1.png","btn_copy_2.png","btn_details.png","btn_home.png","btn_howToplay.png","btn_instructionsCheck.png","btn_loadMore.png","btn_mines.png","btn_moneySymbol.png","btn_myBets.png","btn_ok.png","btn_page_01.png","btn_page_02.png","btn_random.png","btn_readMore.png","btn_roundDetails_tag_01.png","btn_roundDetails_tag_02.png","btn_startAuto.png","btn_startAuto_0.png","btn_startAuto_03.png","btn_stop.png","btn_validate_0.png","btn_validate_1.png","btn_validate_2.png","btn_whatIsprovablyFair.png","btn_whatIsprovablyFair_0.png","img_1user.png","img_2bet.png","img_3mult.png","img_4cashOut.png","img_5date.png","img_MaximumBet.png","img_MinimumBet.png","img_Payout.png","img_animation_01.png","img_animation_02.png","img_autoCashout.png","img_autoPlay_01.png","img_autoPlay_02.png","img_autoPlay_03.png","img_autoPlay_direction.png","img_autoPlay_num.png","img_autoPlay_over.png","img_autoPlay_under.png","img_bet.png","img_betUsd.png","img_cashOut.png","img_cashedOut.png","img_checkFaimess.png","img_flewAway.png","img_gameH_01.png","img_gameH_02.png","img_gameH_03.png","img_gameH_04.png","img_gameResult_01.png","img_gameResult_02.png","img_gameResult_03.png","img_gameResult_04.png","img_gameResult_05.png","img_gameResults_04.png","img_gameResults_05.png","img_homeChance.png","img_homeLastresults.png","img_homePayout.png","img_homePotentialwin.png","img_icon1.png","img_icon10.png","img_icon2.png","img_icon3.png","img_icon4.png","img_icon6.png","img_icon7.png","img_icon8.png","img_icon9.png","img_id.png","img_issue_01.png","img_issue_02.png","img_issue_03.png","img_issue_04.png","img_issue_05.png","img_loading.png","img_loading_h.png","img_loading_s.png","img_logo.png","img_maximumWin.png","img_maximum_01.png","img_maximum_02.png","img_maximum_03.png","img_mines.png","img_next.png","img_num6Money.png","img_popupDetailed.png","img_popupGamelimits.png","img_popupGamerules.png","img_popupHowtoplay.png","img_popupMybetsHistory.png","img_reset_1.png","img_roundId.png","img_round_1.png","img_round_2.png","img_round_3.png","img_round_4.png","img_round_5.png","img_set_01.png","img_set_02.png","img_set_03.png","img_set_04.png","img_start_1.png","img_target.png","img_title_aboutProvablyfair.png","img_title_autoPlay.png","img_title_betsHistory.png","img_title_chooseAvatvr.png","img_title_gameHistory.png","img_title_gameLimits.png","img_title_gameRules.png","img_title_howToplay.png","img_title_paytable.png","img_title_provablyFair.png","img_title_round.png","img_title_roundDetails.png","img_title_roundDetails_id.png","img_title_whatIsprovablyFair.png","img_totalAmount.png","img_totalBets.png","img_validationData_01.png","img_validationData_02.png","img_validationData_03.png","img_validationData_04.png","img_validationData_05.png","img_waiting.png","img_waitingFornetRound.png","img_word1.png","img_word2.png","img_word4.png","img_word5.png","img_word6.png","img_word7.png","img_word8.png","img_word9.png","img_word_1.png","img_word_1_1.png","img_word_2.png","img_word_2_1.png","img_word_3.png","img_word_3_1.png","img_youGot.png","img_youHavecashed.png","title_history.png","title_zd.png"]],"res/atlas/Limbo/pc/common/ui.atlas":["Limbo/pc/common/ui/",["bg.png","bg_frame_1.png","bg_frame_2.png","bg_frame_3.png","bg_frame_4.png","brn_num.png","brn_num_1.png","brn_num_2.png","btnHead.png","btn_about_0.png","btn_add.png","btn_autoPlay.png","btn_betAdd_0.png","btn_betAdd_03.png","btn_betCoin_0.png","btn_betCoin_03.png","btn_betDec_0.png","btn_betDec_03.png","btn_bet_0.png","btn_button2.png","btn_button4_1.png","btn_button4_3.png","btn_button7_3.png","btn_buttonClose.png","btn_button_.png","btn_cashOut_0.png","btn_change_0.png","btn_change_03.png","btn_change_1.png","btn_check.png","btn_choose_001.png","btn_choose_002.png","btn_choose_01.png","btn_choose_02.png","btn_clear.png","btn_close.png","btn_close2.png","btn_com.png","btn_copy_0.png","btn_copy_03.png","btn_copy_1.png","btn_dec.png","btn_downward.png","btn_enterDelete.png","btn_enterDelete_01.png","btn_enterDelete_02.png","btn_enterOk.png","btn_enterOk_01.png","btn_enterOk_button.png","btn_enterOk_button2.png","btn_enter_0.png","btn_enter_03.png","btn_enter_2.png","btn_gameLimits.png","btn_howToplay.png","btn_howToplay_com.png","btn_iconAnimation.png","btn_iconBacktoHome.png","btn_iconChangeavatar.png","btn_iconFreebets.png","btn_iconGamelimits.png","btn_iconGamerules.png","btn_iconInspect.png","btn_iconMusic.png","btn_iconMybetHistory.png","btn_iconProvablyfairSettings.png","btn_iconRound1.png","btn_iconRound2.png","btn_iconRound3.png","btn_iconSound.png","btn_information_0.png","btn_loading1_1.png","btn_loadingBg_01.png","btn_loading_01.png","btn_loading_02.png","btn_loading_me$bar.png","btn_loading_me.png","btn_moreOptions_01.png","btn_moreOptions_02.png","btn_ok.png","btn_s01_0.png","btn_s01_03.png","btn_s02_0.png","btn_s02_03.png","btn_scrollbarButton_01.png","btn_scrollbarButton_02.png","btn_setUp_0.png","btn_setUp_03.png","btn_start_.png","btn_tagBg.png","btn_tagBg2.png","btn_targetAdd_0.png","btn_targetAdd_03.png","btn_targetDec_0.png","btn_targetDec_03.png","btn_timeBg.png","btn_time_0.png","btn_time_03.png","btn_time_1.png","btn_title.png","btn_title1.png","btn_title1_1.png","btn_title1_2.png","btn_title2.png","btn_title3.png","btn_underK.png","hslider$progress.png","hslider.png","img_LastResults_bg.png","img_autoPlay_Bg.png","img_bet01_01.png","img_bet01_02.png","img_bet02.png","img_bet1.png","img_bet2.png","img_bet3.png","img_betUsdbg.png","img_bg.png","img_bg1.png","img_bg2.png","img_bg3.png","img_bg4.png","img_bg5.png","img_com.png","img_d1.png","img_d2.png","img_enterBg.png","img_enterBg2.png","img_errors.png","img_frame01.png","img_frame01_0.png","img_frame01_01.png","img_frame01_02.png","img_frame01_1.png","img_frame02.png","img_frame02_01.png","img_frame02_02.png","img_frame03.png","img_frame1.png","img_frame10.png","img_frame11.png","img_frame2.png","img_frame22.png","img_frame3.png","img_frame33.png","img_frame33_.png","img_frame4.png","img_frame5.png","img_frame5_2.png","img_frame6.png","img_frame7_line.png","img_frame8_.png","img_frame8_1.png","img_frame8_2.png","img_frameAdd.png","img_frameAdd_2.png","img_frameAdd_3.png","img_frameLine_01.png","img_frameLine_02.png","img_frameLine_03.png","img_frame_0.png","img_frame_03.png","img_frame_04.png","img_frame_05.png","img_gameBg_01.png","img_gameNum.png","img_headBg1.png","img_headBg1_02.png","img_historyBg.png","img_hugeWins.png","img_iconGamelimits.png","img_iconGamerules.png","img_iconLanguage.png","img_iconMybetHistory.png","img_iconRound_01.png","img_iconRound_02.png","img_iconRound_03.png","img_iconSound.png","img_issueBg.png","img_k0.png","img_k1.png","img_k2.png","img_k3.png","img_k4.png","img_k5.png","img_k6.png","img_k7.png","img_k8.png","img_k9.png","img_kDot.png","img_lang_hi.png","img_logo.png","img_mode1.png","img_mode_heng.png","img_mode_shu.png","img_money1.png","img_money2.png","img_money3.png","img_money_1.png","img_money_2.png","img_num.png","img_num2_symbol1.png","img_num_0.png","img_num_01.png","img_num_02.png","img_num_1.png","img_num_10.png","img_num_2.png","img_num_3.png","img_num_4.png","img_num_5.png","img_num_6.png","img_num_7.png","img_num_8.png","img_num_9.png","img_number01_00.png","img_number01_01.png","img_number01_010.png","img_number01_02.png","img_number01_03.png","img_number01_04.png","img_number01_05.png","img_number01_06.png","img_number01_07.png","img_number01_08.png","img_number01_09.png","img_number01_0Dot.png","img_number01_com.png","img_number01_k.png","img_number01_l.png","img_number02_00.png","img_number02_01.png","img_number02_010.png","img_number02_02.png","img_number02_03.png","img_number02_04.png","img_number02_05.png","img_number02_06.png","img_number02_07.png","img_number02_08.png","img_number02_09.png","img_number02_0Dot.png","img_number02_10.png","img_number02_b.png","img_number02_com.png","img_number02_m1.png","img_number02_m2.png","img_number02_m3.png","img_number02_symbol1.png","img_number02_symbol2.png","img_number02_usd.png","img_number03_00.png","img_number03_01.png","img_number03_010.png","img_number03_02.png","img_number03_03.png","img_number03_04.png","img_number03_05.png","img_number03_06.png","img_number03_07.png","img_number03_08.png","img_number03_09.png","img_number03_0Dot.png","img_number03_com.png","img_number03_x.png","img_number04_00.png","img_number04_01.png","img_number04_02.png","img_number04_03.png","img_number04_04.png","img_number04_05.png","img_number04_06.png","img_number04_07.png","img_number04_08.png","img_number04_09.png","img_number04_com.png","img_number04_dot.png","img_payoutBg_01.png","img_provablyFair.png","img_seed_bg.png","img_targetBg.png","img_tiao_.png","img_tiao_1.png","img_timeBg.png","img_timeM.png","img_timeNum_bg.png","img_windowBg.png","img_windowBg_01.png","img_windowBg_02.png","input.png","loading$bar.png","loading.png","vs$bar.png","vs$down.png","vs$up.png","vs.png","vscroll$bar.png","vscroll$down.png","vscroll$up.png","vscroll.png"]],"res/atlas/Limbo/pc/en/ui.atlas":["Limbo/pc/en/ui/",["btn_allBets.png","btn_autoGame_01.png","btn_autoPlay.png","btn_bet.png","btn_bet_0.png","btn_bet_03.png","btn_cancel.png","btn_cashout.png","btn_clear.png","btn_copy.png","btn_copy_0.png","btn_home.png","btn_howToplay.png","btn_howToplay_02.png","btn_instructionsCheck.png","btn_loadMore.png","btn_mines.png","btn_moneySymbol.png","btn_myBets.png","btn_ok.png","btn_ok_0.png","btn_ok_03.png","btn_page_01.png","btn_page_02.png","btn_random.png","btn_readMore.png","btn_roundDetails_tag_01.png","btn_roundDetails_tag_02.png","btn_startAuto.png","btn_startAuto_0.png","btn_startAuto_03.png","btn_stop.png","btn_validate.png","btn_validate_0.png","btn_whatIsprovablyFair.png","btn_whatIsprovablyFair_0.png","img_1user.png","img_2bet.png","img_3mult.png","img_4cashOut.png","img_5date.png","img_MaximumBet.png","img_MinimumBet.png","img_Payout.png","img_autoCashout.png","img_autoPlay_01.png","img_autoPlay_02.png","img_autoPlay_03.png","img_autoPlay_direction.png","img_autoPlay_num.png","img_autoPlay_over.png","img_autoPlay_under.png","img_betUsd.png","img_cashedOut.png","img_checkFaimess.png","img_flewAway.png","img_gameH_01.png","img_gameH_02.png","img_gameH_03.png","img_gameH_04.png","img_gameResult_01.png","img_gameResult_02.png","img_gameResult_03.png","img_gameResult_04.png","img_gameResults_04.png","img_gameResults_05.png","img_homeChance.png","img_homeLastresults.png","img_homePayout.png","img_homePotentialwin.png","img_icon1.png","img_icon10.png","img_icon2.png","img_icon3.png","img_icon4.png","img_icon6.png","img_icon7.png","img_icon8.png","img_icon9.png","img_id.png","img_issue_01.png","img_issue_02.png","img_issue_03.png","img_issue_04.png","img_issue_05.png","img_loading.png","img_loading_h.png","img_loading_s.png","img_logo.png","img_maximumWin.png","img_maximum_01.png","img_maximum_02.png","img_maximum_03.png","img_mines.png","img_mode.png","img_mode2.png","img_next.png","img_num6Money.png","img_popupDetailed.png","img_popupGamelimits.png","img_popupGamerules.png","img_popupHowtoplay.png","img_popupMybetsHistory.png","img_reset_1.png","img_roundId.png","img_round_1.png","img_round_2.png","img_round_3.png","img_round_4.png","img_round_5.png","img_set_01.png","img_set_02.png","img_set_03.png","img_set_04.png","img_set_05.png","img_start_1.png","img_target.png","img_title_aboutProvablyfair.png","img_title_autoPlay.png","img_title_betsHistory.png","img_title_chooseAvatvr.png","img_title_gameHistory.png","img_title_gameLimits.png","img_title_gameRules.png","img_title_howToplay.png","img_title_language.png","img_title_paytable.png","img_title_round.png","img_title_roundDetails.png","img_title_roundDetails_id.png","img_title_whatIsprovablyFair.png","img_totalAmount.png","img_totalBets.png","img_validationData_01.png","img_validationData_02.png","img_validationData_03.png","img_validationData_04.png","img_validationData_05.png","img_waiting.png","img_waitingFornetRound.png","img_word1.png","img_word2.png","img_word4.png","img_word5.png","img_word6.png","img_word7.png","img_word8.png","img_word9.png","img_word_1.png","img_word_1_1.png","img_word_2.png","img_word_2_1.png","img_word_3.png","img_word_3_1.png","img_youGot.png","img_youHavecashed.png","title_history.png","title_mode.png","title_zd.png"]],"res/atlas/Limbo/pc/hi/ui.atlas":["Limbo/pc/hi/ui/",["btn_bet_0.png","btn_bet_03.png","btn_copy_0.png","btn_copy_03.png","btn_howToplay.png","btn_howToplay_02.png","btn_ok_0.png","btn_ok_03.png","btn_page_01.png","btn_page_013.png","btn_page_02.png","btn_page_023.png","btn_roundDetails_tag_01.png","btn_roundDetails_tag_02.png","btn_startAuto_0.png","btn_startAuto_03.png","btn_validate_0.png","btn_validate_03.png","btn_whatIsprovablyFair_0.png","img_autoPlay_01.png","img_autoPlay_02.png","img_autoPlay_03.png","img_autoPlay_num.png","img_betUsd.png","img_gameH_01.png","img_gameH_02.png","img_gameH_03.png","img_gameH_04.png","img_gameResult_01.png","img_gameResult_02.png","img_gameResult_03.png","img_gameResult_04.png","img_homeLastresults.png","img_issue_01.png","img_issue_02.png","img_issue_03.png","img_issue_04.png","img_issue_05.png","img_loading.png","img_loading_h.png","img_maximum_01.png","img_maximum_02.png","img_maximum_03.png","img_mode2.png","img_set_01.png","img_set_02.png","img_set_03.png","img_set_04.png","img_set_05.png","img_target.png","img_title_aboutProvablyfair.png","img_title_autoPlay.png","img_title_gameHistory.png","img_title_gameLimits.png","img_title_gameRules.png","img_title_howToplay.png","img_title_language.png","img_title_roundDetails.png","img_validationData_01.png","img_validationData_02.png","img_validationData_03.png","img_validationData_04.png","img_validationData_05.png","title_mode.png"]],"res/atlas/Limbo/pc/id/ui.atlas":["Limbo/pc/id/ui/",["btn_bet_0.png","btn_bet_03.png","btn_copy_0.png","btn_copy_03.png","btn_howToplay.png","btn_howToplay_02.png","btn_ok_0.png","btn_ok_03.png","btn_page_01.png","btn_page_013.png","btn_page_02.png","btn_page_023.png","btn_roundDetails_tag_01.png","btn_roundDetails_tag_02.png","btn_startAuto_0.png","btn_startAuto_03.png","btn_validate_0.png","btn_validate_03.png","btn_whatIsprovablyFair_0.png","img_autoPlay_01.png","img_autoPlay_02.png","img_autoPlay_03.png","img_autoPlay_num.png","img_betUsd.png","img_gameH_01.png","img_gameH_02.png","img_gameH_03.png","img_gameH_04.png","img_gameResult_01.png","img_gameResult_02.png","img_gameResult_03.png","img_gameResult_04.png","img_homeLastresults.png","img_issue_01.png","img_issue_02.png","img_issue_03.png","img_issue_04.png","img_issue_05.png","img_loading.png","img_loading_h.png","img_maximum_01.png","img_maximum_02.png","img_maximum_03.png","img_mode2.png","img_set_01.png","img_set_02.png","img_set_03.png","img_set_04.png","img_set_05.png","img_target.png","img_title_aboutProvablyfair.png","img_title_autoPlay.png","img_title_gameHistory.png","img_title_gameLimits.png","img_title_gameRules.png","img_title_howToplay.png","img_title_language.png","img_title_roundDetails.png","img_validationData_01.png","img_validationData_02.png","img_validationData_03.png","img_validationData_04.png","img_validationData_05.png","title_mode.png"]],"res/atlas/Limbo/pc/ms/ui.atlas":["Limbo/pc/ms/ui/",["btn_bet_0.png","btn_bet_03.png","btn_copy_0.png","btn_copy_03.png","btn_howToplay.png","btn_howToplay_02.png","btn_ok_0.png","btn_ok_03.png","btn_page_01.png","btn_page_013.png","btn_page_02.png","btn_page_023.png","btn_roundDetails_tag_01.png","btn_roundDetails_tag_02.png","btn_startAuto_0.png","btn_startAuto_03.png","btn_validate_0.png","btn_validate_03.png","btn_whatIsprovablyFair_0.png","img_autoPlay_01.png","img_autoPlay_02.png","img_autoPlay_03.png","img_autoPlay_num.png","img_betUsd.png","img_gameH_01.png","img_gameH_02.png","img_gameH_03.png","img_gameH_04.png","img_gameResult_01.png","img_gameResult_02.png","img_gameResult_03.png","img_gameResult_04.png","img_homeLastresults.png","img_issue_01.png","img_issue_02.png","img_issue_03.png","img_issue_04.png","img_issue_05.png","img_loading.png","img_loading_h.png","img_maximum_01.png","img_maximum_02.png","img_maximum_03.png","img_mode2.png","img_set_01.png","img_set_02.png","img_set_03.png","img_set_04.png","img_set_05.png","img_target.png","img_title_aboutProvablyfair.png","img_title_autoPlay.png","img_title_gameHistory.png","img_title_gameLimits.png","img_title_gameRules.png","img_title_howToplay.png","img_title_language.png","img_title_roundDetails.png","img_validationData_01.png","img_validationData_02.png","img_validationData_03.png","img_validationData_04.png","img_validationData_05.png","title_mode.png"]],"res/atlas/Limbo/pc/pr/ui.atlas":["Limbo/pc/pr/ui/",["btn_bet_0.png","btn_bet_03.png","btn_copy_0.png","btn_copy_03.png","btn_howToplay.png","btn_howToplay_02.png","btn_ok_0.png","btn_ok_03.png","btn_page_01.png","btn_page_013.png","btn_page_02.png","btn_page_023.png","btn_roundDetails_tag_01.png","btn_roundDetails_tag_02.png","btn_startAuto_0.png","btn_startAuto_03.png","btn_validate_0.png","btn_validate_03.png","btn_whatIsprovablyFair_0.png","img_autoPlay_01.png","img_autoPlay_02.png","img_autoPlay_03.png","img_autoPlay_num.png","img_betUsd.png","img_gameH_01.png","img_gameH_02.png","img_gameH_03.png","img_gameH_04.png","img_gameResult_01.png","img_gameResult_02.png","img_gameResult_03.png","img_gameResult_04.png","img_homeLastresults.png","img_issue_01.png","img_issue_02.png","img_issue_03.png","img_issue_04.png","img_issue_05.png","img_loading.png","img_loading_h.png","img_maximum_01.png","img_maximum_02.png","img_maximum_03.png","img_mode2.png","img_set_01.png","img_set_02.png","img_set_03.png","img_set_04.png","img_set_05.png","img_target.png","img_title_aboutProvablyfair.png","img_title_autoPlay.png","img_title_gameHistory.png","img_title_gameLimits.png","img_title_gameRules.png","img_title_howToplay.png","img_title_language.png","img_title_roundDetails.png","img_validationData_01.png","img_validationData_02.png","img_validationData_03.png","img_validationData_04.png","img_validationData_05.png","title_mode.png"]],"res/atlas/Limbo/pc/th/ui.atlas":["Limbo/pc/th/ui/",["btn_bet_0.png","btn_bet_03.png","btn_copy_0.png","btn_copy_03.png","btn_howToplay.png","btn_howToplay_02.png","btn_ok_0.png","btn_ok_03.png","btn_page_01.png","btn_page_013.png","btn_page_02.png","btn_page_023.png","btn_roundDetails_tag_01.png","btn_roundDetails_tag_02.png","btn_startAuto_0.png","btn_startAuto_03.png","btn_validate_0.png","btn_validate_03.png","btn_whatIsprovablyFair_0.png","img_autoPlay_01.png","img_autoPlay_02.png","img_autoPlay_03.png","img_autoPlay_num.png","img_betUsd.png","img_gameH_01.png","img_gameH_02.png","img_gameH_03.png","img_gameH_04.png","img_gameResult_01.png","img_gameResult_02.png","img_gameResult_03.png","img_gameResult_04.png","img_homeLastresults.png","img_issue_01.png","img_issue_02.png","img_issue_03.png","img_issue_04.png","img_issue_05.png","img_loading.png","img_loading_h.png","img_maximum_01.png","img_maximum_02.png","img_maximum_03.png","img_mode2.png","img_set_01.png","img_set_02.png","img_set_03.png","img_set_04.png","img_set_05.png","img_target.png","img_title_aboutProvablyfair.png","img_title_autoPlay.png","img_title_gameHistory.png","img_title_gameLimits.png","img_title_gameRules.png","img_title_howToplay.png","img_title_language.png","img_title_roundDetails.png","img_validationData_01.png","img_validationData_02.png","img_validationData_03.png","img_validationData_04.png","img_validationData_05.png","title_mode.png"]],"res/atlas/Limbo/pc/vi/ui.atlas":["Limbo/pc/vi/ui/",["btn_bet_0.png","btn_bet_03.png","btn_copy_0.png","btn_copy_03.png","btn_howToplay.png","btn_howToplay_02.png","btn_ok_0.png","btn_ok_03.png","btn_page_01.png","btn_page_013.png","btn_page_02.png","btn_page_023.png","btn_roundDetails_tag_01.png","btn_roundDetails_tag_02.png","btn_startAuto_0.png","btn_startAuto_03.png","btn_validate_0.png","btn_validate_03.png","btn_whatIsprovablyFair_0.png","img_autoPlay_01.png","img_autoPlay_02.png","img_autoPlay_03.png","img_autoPlay_num.png","img_betUsd.png","img_gameH_01.png","img_gameH_02.png","img_gameH_03.png","img_gameH_04.png","img_gameResult_01.png","img_gameResult_02.png","img_gameResult_03.png","img_gameResult_04.png","img_homeLastresults.png","img_issue_01.png","img_issue_02.png","img_issue_03.png","img_issue_04.png","img_issue_05.png","img_loading.png","img_loading_h.png","img_maximum_01.png","img_maximum_02.png","img_maximum_03.png","img_mode2.png","img_set_01.png","img_set_02.png","img_set_03.png","img_set_04.png","img_set_05.png","img_target.png","img_title_aboutProvablyfair.png","img_title_autoPlay.png","img_title_gameHistory.png","img_title_gameLimits.png","img_title_gameRules.png","img_title_howToplay.png","img_title_language.png","img_title_roundDetails.png","img_validationData_01.png","img_validationData_02.png","img_validationData_03.png","img_validationData_04.png","img_validationData_05.png","title_mode.png"]],"res/atlas/Limbo/pc/zh-cn/ui.atlas":["Limbo/pc/zh-cn/ui/",["btn_allBets.png","btn_autoGame_01.png","btn_autoGame_02.png","btn_autoPlay.png","btn_bet.png","btn_bet_0.png","btn_bet_03.png","btn_cancel.png","btn_cashout.png","btn_clear.png","btn_copy.png","btn_copy_0.png","btn_copy_1.png","btn_copy_2.png","btn_details.png","btn_home.png","btn_howToplay.png","btn_howToplay_02.png","btn_instructionsCheck.png","btn_loadMore.png","btn_mines.png","btn_moneySymbol.png","btn_myBets.png","btn_ok.png","btn_page_01.png","btn_page_02.png","btn_random.png","btn_readMore.png","btn_roundDetails_tag_01.png","btn_roundDetails_tag_02.png","btn_startAuto.png","btn_startAuto_0.png","btn_startAuto_03.png","btn_stop.png","btn_validate.png","btn_validate_0.png","btn_validate_1.png","btn_validate_2.png","btn_whatIsprovablyFair.png","btn_whatIsprovablyFair_0.png","img_1user.png","img_2bet.png","img_3mult.png","img_4cashOut.png","img_5date.png","img_MaximumBet.png","img_MinimumBet.png","img_Payout.png","img_animation_01.png","img_animation_02.png","img_autoCashout.png","img_autoPlay_01.png","img_autoPlay_02.png","img_autoPlay_03.png","img_autoPlay_direction.png","img_autoPlay_num.png","img_autoPlay_over.png","img_autoPlay_under.png","img_betUsd.png","img_cashedOut.png","img_checkFaimess.png","img_flewAway.png","img_gameH_01.png","img_gameH_02.png","img_gameH_03.png","img_gameH_04.png","img_gameResult_01.png","img_gameResult_02.png","img_gameResult_03.png","img_gameResult_04.png","img_gameResults_04.png","img_gameResults_05.png","img_homeChance.png","img_homeLastresults.png","img_homePayout.png","img_homePotentialwin.png","img_icon1.png","img_icon10.png","img_icon2.png","img_icon3.png","img_icon4.png","img_icon6.png","img_icon7.png","img_icon8.png","img_icon9.png","img_id.png","img_issue_01.png","img_issue_02.png","img_issue_03.png","img_issue_04.png","img_issue_05.png","img_loading.png","img_loading_h.png","img_loading_s.png","img_logo.png","img_maximumWin.png","img_maximum_01.png","img_maximum_02.png","img_maximum_03.png","img_mines.png","img_next.png","img_num6Money.png","img_popupDetailed.png","img_popupGamelimits.png","img_popupGamerules.png","img_popupHowtoplay.png","img_popupMybetsHistory.png","img_reset_1.png","img_roundId.png","img_round_1.png","img_round_2.png","img_round_3.png","img_round_4.png","img_round_5.png","img_set_01.png","img_set_02.png","img_set_03.png","img_set_04.png","img_start_1.png","img_target.png","img_title_aboutProvablyfair.png","img_title_autoPlay.png","img_title_betsHistory.png","img_title_chooseAvatvr.png","img_title_gameHistory.png","img_title_gameLimits.png","img_title_gameRules.png","img_title_howToplay.png","img_title_paytable.png","img_title_provablyFair.png","img_title_round.png","img_title_roundDetails.png","img_title_roundDetails_id.png","img_title_whatIsprovablyFair.png","img_totalAmount.png","img_totalBets.png","img_validationData_01.png","img_validationData_02.png","img_validationData_03.png","img_validationData_04.png","img_validationData_05.png","img_waiting.png","img_waitingFornetRound.png","img_word1.png","img_word2.png","img_word4.png","img_word5.png","img_word6.png","img_word7.png","img_word8.png","img_word9.png","img_word_1.png","img_word_1_1.png","img_word_2.png","img_word_2_1.png","img_word_3.png","img_word_3_1.png","img_youGot.png","img_youHavecashed.png","title_history.png","title_zd.png"]]}