{"type":"View","props":{"width":750,"runtime":"Cryptos.View.CryptosBonusCell","height":70},"compId":2,"child":[{"type":"Image","props":{"y":0,"x":0,"var":"imgFrame","skin":"Cryptos/m/common/ui/img_bonus_1.png","name":"imgFrame"},"compId":36},{"type":"Label","props":{"y":35,"x":690,"var":"lblOdds","valign":"middle","text":"2.20x","name":"lblOdds","fontSize":36,"color":"#ffffff","anchorY":0.5,"anchorX":1,"align":"right"},"compId":37},{"type":"Sprite","props":{"y":0,"x":0,"var":"icons","name":"icons"},"compId":38,"child":[{"type":"Image","props":{"y":18,"x":20,"var":"imgIcon0","skin":"Cryptos/m/common/ui/imgIcon_n_0.png","name":"imgIcon0"},"compId":39},{"type":"Image","props":{"y":18,"x":80,"var":"imgIcon1","skin":"Cryptos/m/common/ui/imgIcon_n_0.png","name":"imgIcon1"},"compId":40},{"type":"Image","props":{"y":18,"x":140,"var":"imgIcon2","skin":"Cryptos/m/common/ui/imgIcon_n_0.png","name":"imgIcon2"},"compId":41},{"type":"Image","props":{"y":18,"x":200,"var":"imgIcon3","skin":"Cryptos/m/common/ui/imgIcon_n_0.png","name":"imgIcon3"},"compId":42},{"type":"Image","props":{"y":18,"x":260,"var":"imgIcon4","skin":"Cryptos/m/common/ui/imgIcon_n_0.png","name":"imgIcon4"},"compId":43}]}],"loadList":["Cryptos/m/common/ui/img_bonus_1.png","Cryptos/m/common/ui/imgIcon_n_0.png"],"loadList3D":[]}