{"type":"View","props":{"width":900,"runtime":"Cryptos.View.CryptosCheckRoundSeed","height":1900},"compId":2,"child":[{"type":"Sprite","props":{"y":0,"x":0,"width":900,"var":"spMask","name":"spMask","mouseEnabled":false,"height":1900},"compId":56,"child":[{"type":"Script","props":{"maskTouchEvent":true,"maskColor":"#00000055","hasMask":true,"clickCloseParent":true,"runtime":"Common.Script.AddSpriteDrawRectScript"},"compId":57}]},{"type":"Box","props":{"y":950,"visible":true,"var":"spK","right":20,"name":"spK","left":20,"height":1350,"centerY":0,"anchorY":0.5,"anchorX":0.5},"compId":3,"child":[{"type":"Image","props":{"top":0,"skin":"Cryptos/m/common/ui/img_windowBg.png","sizeGrid":"30,30,30,30","right":0,"left":0,"bottom":0},"compId":4},{"type":"Image","props":{"y":100,"skin":"Cryptos/m/common/ui/img_frameLine_03.png","right":0,"left":0},"compId":69},{"type":"Image","props":{"top":340,"skin":"Cryptos/m/common/ui/img_windowBg_01.png","sizeGrid":"24,24,24,24","right":20,"left":20,"bottom":42},"compId":75},{"type":"Image","props":{"y":52,"x":36,"skin":"Cryptos/m/en/ui/img_title_roundDetails.png","anchorY":0.5,"anchorX":0},"compId":8,"child":[{"type":"Script","props":{"runtime":"Common.Script.AddLangSpriteScript"},"compId":9}]},{"type":"Label","props":{"y":161,"var":"labRoundNumber","text":"N2135926","right":50,"name":"labRoundNumber","fontSize":32,"color":"#ffffff","anchorY":0.5},"compId":10},{"type":"Label","props":{"y":160,"x":35,"var":"labTimeStr","text":"11:21:00","name":"labTimeStr","fontSize":32,"color":"#ffffff","anchorY":0.5},"compId":13},{"type":"Box","props":{"var":"tab1","top":340,"right":20,"name":"tab1","left":20,"bottom":50},"compId":73,"child":[{"type":"Box","props":{"y":36,"right":0,"left":0},"compId":22,"child":[{"type":"Image","props":{"y":5.5,"x":62,"skin":"Cryptos/m/common/ui/btn_iconRound1.png","anchorY":0},"compId":15},{"type":"Image","props":{"y":43,"x":158,"skin":"Cryptos/m/en/ui/img_validationData_01.png","anchorY":0.5},"compId":17,"child":[{"type":"Script","props":{"runtime":"Common.Script.AddLangSpriteScript"},"compId":18}]},{"type":"Image","props":{"y":104,"skin":"Cryptos/m/common/ui/img_seed_bg.png","sizeGrid":"33,51,29,46","right":170,"left":62},"compId":23,"child":[{"type":"Label","props":{"x":20,"var":"labSeed1","text":"keiolKP[E89JDPOW890来89ifufd;IlkeiolKP[E89JDPOW890来89ifufd;Il","name":"labSeed1","fontSize":30,"color":"#ffffff","centerY":0,"anchorY":0.5},"compId":26}]},{"type":"Button","props":{"y":106,"var":"btnCopy","stateNum":2,"skin":"Cryptos/m/common/ui/btn_copy_0.png","sizeGrid":"0,0,0,0","right":61,"name":"btnCopy","anchorY":0},"compId":65},{"type":"Button","props":{"y":8.5,"var":"btnFair","stateNum":2,"skin":"Cryptos/m/en/ui/btn_whatIsprovablyFair_0.png","sizeGrid":"20,29,20,29","right":55,"name":"btnFair","anchorY":0},"compId":71,"child":[{"type":"Script","props":{"y":14,"x":9,"runtime":"Common.Script.AddLangSpriteScript"},"compId":100}]}]},{"type":"Box","props":{"y":250,"x":0,"right":0,"left":0},"compId":104,"child":[{"type":"Image","props":{"y":0,"x":62,"skin":"Cryptos/m/common/ui/btn_iconRound1.png"},"compId":110},{"type":"Image","props":{"y":36.5,"x":158,"skin":"Cryptos/m/en/ui/img_validationData_02.png","anchorY":0.5},"compId":111,"child":[{"type":"Script","props":{"runtime":"Common.Script.AddLangSpriteScript"},"compId":112}]},{"type":"Image","props":{"y":95,"skin":"Cryptos/m/common/ui/img_seed_bg.png","sizeGrid":"30,50,30,50","right":63,"left":63},"compId":113,"child":[{"type":"Label","props":{"y":-14,"x":20,"var":"labSeed2","text":"keiolKP[E89JDPOW890来89ifufd;IlkeiolKP[E89JDPOW890来89ifufd;Il","name":"labSeed2","fontSize":32,"color":"#ffffff","centerY":0,"anchorY":0.5},"compId":114}]}]},{"type":"Image","props":{"y":443,"x":61,"skin":"Cryptos/m/common/ui/btn_iconRound2.png"},"compId":105},{"type":"Image","props":{"y":461.5,"x":158,"skin":"Cryptos/m/en/ui/img_validationData_03.png","anchorY":0.5,"anchorX":0},"compId":106,"child":[{"type":"Script","props":{"runtime":"Common.Script.AddLangSpriteScript"},"compId":115}]},{"type":"Label","props":{"y":510,"x":156,"var":"labResult","text":"1.40","name":"labResult","fontSize":32,"color":"#ffffff","bold":false,"anchorY":0.5},"compId":107},{"type":"Box","props":{"y":555,"x":0,"right":0,"left":0},"compId":108,"child":[{"type":"Image","props":{"y":-0.5,"x":62,"skin":"Cryptos/m/common/ui/btn_iconRound1.png"},"compId":116},{"type":"Image","props":{"y":37,"x":158,"skin":"Cryptos/m/en/ui/img_validationData_04.png","anchorY":0.5},"compId":117,"child":[{"type":"Script","props":{"runtime":"Common.Script.AddLangSpriteScript"},"compId":118}]},{"type":"Image","props":{"y":97,"skin":"Cryptos/m/common/ui/img_seed_bg.png","sizeGrid":"30,50,30,50","right":63,"left":63},"compId":119,"child":[{"type":"Label","props":{"y":33,"x":20,"var":"labSeed3","text":"keiolKP[E89JDPOW890来89ifufd;Ilk","name":"labSeed3","fontSize":32,"color":"#ffffff","centerY":0,"anchorY":0.5},"compId":120}]}]},{"type":"Box","props":{"y":760,"x":0,"right":0,"left":0},"compId":109,"child":[{"type":"Image","props":{"y":1,"x":61,"skin":"Cryptos/m/common/ui/btn_iconRound3.png"},"compId":121},{"type":"Image","props":{"y":38.5,"x":157,"skin":"Cryptos/m/en/ui/img_validationData_05.png","anchorY":0.5},"compId":122,"child":[{"type":"Script","props":{"runtime":"Common.Script.AddLangSpriteScript"},"compId":123}]},{"type":"Image","props":{"y":92,"skin":"Cryptos/m/common/ui/img_seed_bg.png","sizeGrid":"30,50,30,50","right":63,"left":63},"compId":124,"child":[{"type":"Label","props":{"y":33,"x":20,"var":"labSeed4","text":"keiolKP[E89JDPOW890来89ifufd;IlkeiolKP[E89JDPOW890来89ifufd;Il","name":"labSeed4","fontSize":32,"color":"#ffffff","centerY":0,"anchorY":0.5},"compId":125}]}]}]},{"type":"Box","props":{"var":"tab2","top":340,"right":20,"name":"tab2","left":20,"bottom":50},"compId":74,"child":[{"type":"Image","props":{"y":98,"skin":"Cryptos/m/common/ui/img_frameLine_03.png","right":10,"left":10},"compId":150},{"type":"Image","props":{"y":41,"x":42,"skin":"Cryptos/m/en/ui/img_gameResult_01.png","anchorY":0.5},"compId":151,"child":[{"type":"Script","props":{"runtime":"Common.Script.AddLangSpriteScript"},"compId":165}]},{"type":"Label","props":{"y":43,"var":"lblBetMoney","text":"0","left":193,"fontSize":26,"color":"#ffffff","anchorY":0.5},"compId":152},{"type":"Image","props":{"y":40,"x":499,"skin":"Cryptos/m/en/ui/img_gameResult_02.png","anchorY":0.5,"anchorX":1},"compId":153,"child":[{"type":"Script","props":{"runtime":"Common.Script.AddLangSpriteScript"},"compId":166}]},{"type":"Label","props":{"y":43,"var":"lblCash","text":"0","left":524,"fontSize":26,"color":"#ffffff","anchorY":0.5},"compId":154},{"type":"Image","props":{"y":350,"x":142,"skin":"Cryptos/m/en/ui/img_gameResult_04.png","anchorY":0.5,"anchorX":0.5},"compId":157,"child":[{"type":"Script","props":{"runtime":"Common.Script.AddLangSpriteScript"},"compId":168}]},{"type":"Panel","props":{"y":393,"x":50,"width":720,"var":"pIcon","name":"pIcon","height":580},"compId":158},{"type":"Image","props":{"y":182,"x":42,"skin":"Cryptos/m/en/ui/img_gameResult_05.png","anchorY":0.5},"compId":159,"child":[{"type":"Script","props":{"runtime":"Common.Script.AddLangSpriteScript"},"compId":169}]},{"type":"Label","props":{"y":243,"x":5,"var":"labResult2","name":"labResult2","fontSize":36,"color":"#ffffff","bold":false,"anchorY":0.5},"compId":160},{"type":"Image","props":{"y":351,"x":328,"var":"imgWordRisk","text":"0","skin":"Cryptos/m/en/ui/img_normal.png","name":"imgWordRisk","fontSize":22,"color":"#ffffff","anchorY":0.5},"compId":163},{"type":"Image","props":{"y":351,"x":285,"var":"imgRisk","text":"0","stateNum":2,"skin":"Cryptos/m/common/ui/btn_choose1_1.png","selected":true,"name":"imgRisk","mouseEnabled":false,"fontSize":22,"color":"#ffffff","anchorY":0.5},"compId":164}]},{"type":"Button","props":{"y":52,"x":834.5,"var":"btnClose","stateNum":1,"skin":"Cryptos/m/common/ui/btn_close.png","name":"btnClose","anchorY":0.5,"anchorX":1},"compId":14},{"type":"Button","props":{"y":300,"x":227,"width":410,"var":"btnTab1","skin":"Cryptos/m/common/ui/btn_tagBg2.png","sizeGrid":"0,25,0,25","runtime":"Common.UI.DolButton","name":"btnTab1","height":80,"anchorY":0.5,"anchorX":0.5},"compId":87,"child":[{"type":"Image","props":{"var":"img1","skin":"Cryptos/m/en/ui/btn_roundDetails_tag_01.png","name":"img1","centerY":0,"centerX":0},"compId":88,"child":[{"type":"Script","props":{"runtime":"Common.Script.AddLangSpriteScript"},"compId":93}]},{"type":"Script","props":{"disabledSkin":"Cryptos/m/common/ui/btn_tagBg.png","runtime":"Common.Script.AddDolButtonScript"},"compId":91}]},{"type":"Button","props":{"y":300,"x":634,"width":410,"var":"btnTab2","skin":"Cryptos/m/common/ui/btn_tagBg2.png","sizeGrid":"0,25,0,25","runtime":"Common.UI.DolButton","name":"btnTab2","height":80,"anchorY":0.5,"anchorX":0.5},"compId":89,"child":[{"type":"Image","props":{"var":"img2","skin":"Cryptos/m/en/ui/btn_roundDetails_tag_02.png","name":"img2","centerY":0,"centerX":0},"compId":90,"child":[{"type":"Script","props":{"runtime":"Common.Script.AddLangSpriteScript"},"compId":94}]},{"type":"Script","props":{"y":0,"x":0,"disabledSkin":"Cryptos/m/common/ui/btn_tagBg.png","runtime":"Common.Script.AddDolButtonScript"},"compId":92}]},{"type":"Button","props":{"y":160,"x":370,"width":450,"var":"btnCopy2","stateNum":2,"skin":"Common/common/common/comp/transparent.png","sizeGrid":"0,0,0,0","name":"btnCopy2","height":50,"anchorY":0.5},"compId":171,"child":[{"type":"Script","props":{"y":0,"x":0,"runtime":"Common.Script.AddDolButtonScript"},"compId":172}]}]}],"loadList":["Cryptos/m/common/ui/img_windowBg.png","Cryptos/m/common/ui/img_frameLine_03.png","Cryptos/m/common/ui/img_windowBg_01.png","Cryptos/m/en/ui/img_title_roundDetails.png","Cryptos/m/common/ui/btn_iconRound1.png","Cryptos/m/en/ui/img_validationData_01.png","Cryptos/m/common/ui/img_seed_bg.png","Cryptos/m/common/ui/btn_copy_0.png","Cryptos/m/en/ui/btn_whatIsprovablyFair_0.png","Cryptos/m/en/ui/img_validationData_02.png","Cryptos/m/common/ui/btn_iconRound2.png","Cryptos/m/en/ui/img_validationData_03.png","Cryptos/m/en/ui/img_validationData_04.png","Cryptos/m/common/ui/btn_iconRound3.png","Cryptos/m/en/ui/img_validationData_05.png","Cryptos/m/en/ui/img_gameResult_01.png","Cryptos/m/en/ui/img_gameResult_02.png","Cryptos/m/en/ui/img_gameResult_04.png","Cryptos/m/en/ui/img_gameResult_05.png","Cryptos/m/en/ui/img_normal.png","Cryptos/m/common/ui/btn_choose1_1.png","Cryptos/m/common/ui/btn_close.png","Cryptos/m/common/ui/btn_tagBg2.png","Cryptos/m/en/ui/btn_roundDetails_tag_01.png","Cryptos/m/common/ui/btn_tagBg.png","Cryptos/m/en/ui/btn_roundDetails_tag_02.png","Common/common/common/comp/transparent.png"],"loadList3D":[]}