{"type":"View","props":{"width":166,"runtime":"Cryptos.View.CryptosGameCell","height":230},"compId":2,"child":[{"type":"Image","props":{"y":-70,"x":83,"visible":false,"var":"imgSel","skin":"Cryptos/common/common/ui/img_roundDetails_k.png","scaleY":2,"scaleX":2,"name":"imgSel","anchorX":0.5},"compId":41},{"type":"ImageNumber","props":{"y":-32.5,"x":83,"visible":false,"var":"lblIcon","text":"88","skin":"Cryptos/common/common/ui/img_rDnumber_0","scaleY":2,"scaleX":2,"runtime":"Common.UI.ImageNumber","offsetType":"imgWithFixed","offset":2,"name":"lblIcon","align":"middle"},"compId":43},{"type":"Image","props":{"y":150,"x":83,"var":"imgBg","skin":"Cryptos/common/common/ui/img_ground_0.png","name":"imgBg","anchorX":0.5},"compId":31},{"type":"Image","props":{"y":83,"x":83,"visible":false,"var":"imgX","skin":"Cryptos/common/common/ui/img_icon_0.png","name":"imgX","anchorY":0.5,"anchorX":0.5},"compId":40},{"type":"ImageNumber","props":{"y":190,"x":83,"var":"lblPos","text":"88","skin":"Cryptos/common/common/ui/img_icon_num_","runtime":"Common.UI.ImageNumber","offsetType":"imgWithFixed","offset":2,"name":"lblPos","align":"middle"},"compId":34},{"type":"Sprite","props":{"y":83,"x":83,"var":"skIcon","runtime":"Common.UI.DolSkeleton","name":"skIcon"},"compId":36,"child":[{"type":"Script","props":{"skin":"Cryptos/common/common/spine/icon01.sk","autoPlayLoop":false,"runtime":"Common.Script.AddSkeletonScript"},"compId":37}]},{"type":"Sprite","props":{"y":83,"x":83,"var":"skSel","runtime":"Common.UI.DolSkeleton","name":"skSel"},"compId":38,"child":[{"type":"Script","props":{"skin":"Cryptos/common/common/spine/icon_light.sk","autoPlayLoop":false,"runtime":"Common.Script.AddSkeletonScript"},"compId":39}]},{"type":"Button","props":{"var":"btn","top":1,"stateNum":1,"skin":"Cryptos/common/common/ui/input.png","right":0,"name":"btn","left":0,"bottom":0},"compId":21}],"loadList":["Cryptos/common/common/ui/img_roundDetails_k.png","Cryptos/common/common/ui/img_ground_0.png","Cryptos/common/common/ui/img_icon_0.png","Cryptos/common/common/spine/icon01.sk","Cryptos/common/common/spine/icon_light.sk","Cryptos/common/common/ui/input.png"],"loadList3D":[]}