{"type":"View","props":{"width":900,"runtime":"BaseFSG.Base.View.GameLimits","height":1900},"compId":2,"child":[{"type":"Sprite","props":{"y":0,"x":0,"width":900,"var":"spMask","name":"spMask","height":1900},"compId":41,"child":[{"type":"Script","props":{"maskTouchEvent":true,"maskColor":"#00000055","hasMask":true,"clickCloseParent":true,"runtime":"Common.Script.AddSpriteDrawRectScript"},"compId":42}]},{"type":"Box","props":{"y":950,"x":450,"width":764,"visible":true,"var":"sp","name":"sp","mouseEnabled":true,"height":376,"anchorY":0.5,"anchorX":0.5},"compId":8,"child":[{"type":"Image","props":{"top":0,"skin":"Cryptos/m/common/ui/img_windowBg.png","sizeGrid":"35,35,35,35","right":0,"left":0,"bottom":0},"compId":9},{"type":"Image","props":{"y":72,"x":0,"width":764,"skin":"Cryptos/m/common/ui/img_frameLine_03.png"},"compId":10},{"type":"Image","props":{"y":36,"x":30,"skin":"Cryptos/m/en/ui/img_title_gameLimits.png","anchorY":0.5},"compId":21,"child":[{"type":"Script","props":{"runtime":"Common.Script.AddLangSpriteScript"},"compId":22}]},{"type":"Button","props":{"y":36,"var":"btnClose","stateNum":1,"skin":"Cryptos/m/common/ui/btn_close.png","right":22,"name":"btnClose","anchorY":0.5,"anchorX":1},"compId":40},{"type":"Image","props":{"y":107,"skin":"Cryptos/m/common/ui/img_frame_03.png","sizeGrid":"22,12,29,11","right":27,"left":27,"height":70},"compId":43,"child":[{"type":"Image","props":{"skin":"Cryptos/m/en/ui/img_maximum_01.png","left":20,"centerY":0,"anchorY":0.5},"compId":27,"child":[{"type":"Script","props":{"runtime":"Common.Script.AddLangSpriteScript"},"compId":28}]},{"type":"Image","props":{"width":150,"skin":"Cryptos/m/common/ui/btn_gameLimits.png","sizeGrid":"0,23,0,24","right":20,"centerY":0,"anchorY":0.5,"anchorX":1},"compId":36,"child":[{"type":"Label","props":{"var":"labMax","text":"0.1","fontSize":22,"color":"#FFFFFF","centerY":0,"centerX":0,"anchorY":0.5,"anchorX":0.5},"compId":37}]}]},{"type":"Image","props":{"y":187,"skin":"Cryptos/m/common/ui/img_frame_03.png","sizeGrid":"22,12,29,11","right":27,"left":27,"height":70},"compId":44,"child":[{"type":"Image","props":{"skin":"Cryptos/m/en/ui/img_maximum_02.png","left":20,"centerY":0,"anchorY":0.5},"compId":29,"child":[{"type":"Script","props":{"runtime":"Common.Script.AddLangSpriteScript"},"compId":30}]},{"type":"Image","props":{"width":150,"skin":"Cryptos/m/common/ui/btn_gameLimits.png","sizeGrid":"0,23,0,24","right":20,"centerY":0,"anchorY":0.5,"anchorX":1},"compId":38,"child":[{"type":"Label","props":{"var":"labMin","text":"100","fontSize":22,"color":"#FFFFFF","centerY":0,"centerX":0,"anchorY":0.5,"anchorX":0.5},"compId":39}]}]},{"type":"Image","props":{"y":267,"skin":"Cryptos/m/common/ui/img_frame_03.png","sizeGrid":"22,12,29,11","right":27,"left":27,"height":70},"compId":45,"child":[{"type":"Image","props":{"skin":"Cryptos/m/en/ui/img_maximum_03.png","left":20,"centerY":0,"anchorY":0.5},"compId":31,"child":[{"type":"Script","props":{"runtime":"Common.Script.AddLangSpriteScript"},"compId":32}]},{"type":"Image","props":{"width":150,"skin":"Cryptos/m/common/ui/btn_gameLimits.png","sizeGrid":"0,23,0,24","right":20,"centerY":0,"anchorY":0.5,"anchorX":1},"compId":33,"child":[{"type":"Label","props":{"var":"labSigle","text":"10000","name":"labSigle","fontSize":22,"color":"#FFFFFF","centerY":0,"centerX":0,"anchorY":0.5,"anchorX":0.5},"compId":35}]}]}]}],"loadList":["Cryptos/m/common/ui/img_windowBg.png","Cryptos/m/common/ui/img_frameLine_03.png","Cryptos/m/en/ui/img_title_gameLimits.png","Cryptos/m/common/ui/btn_close.png","Cryptos/m/common/ui/img_frame_03.png","Cryptos/m/en/ui/img_maximum_01.png","Cryptos/m/common/ui/btn_gameLimits.png","Cryptos/m/en/ui/img_maximum_02.png","Cryptos/m/en/ui/img_maximum_03.png"],"loadList3D":[]}