{"type":"View","props":{"x":0,"width":900,"height":1900},"compId":2,"child":[{"type":"Sprite","props":{"y":0,"x":0,"width":900,"var":"spMask","name":"spMask","height":1900},"compId":26,"child":[{"type":"Script","props":{"maskTouchEvent":true,"maskColor":"#00000077","hasMask":true,"runtime":"Common.Script.AddSpriteDrawRectScript"},"compId":27}]},{"type":"Animation","props":{"y":900,"x":400,"var":"ani","source":"Cryptos/common/common/ani/loading.atlas","runtime":"Common.UI.DolAnimation","name":"ani","autoPlay":true},"compId":24,"child":[{"type":"Script","props":{"runtime":"Common.Script.AddAnimationScript"},"compId":25}]}],"loadList":[],"loadList3D":[]}