{"type":"View","props":{"width":900,"scaleY":1,"runtime":"Cryptos.View.CryptosMyBetViewCell","height":1900},"compId":2,"child":[{"type":"Box","props":{"zOrder":-1,"width":900,"visible":true,"var":"imgK","styleSkin":"Cryptos/m/common/ui/img_bet3.png","sizeGrid":"20,29,22,27","name":"imgK","height":1900},"compId":471},{"type":"Sprite","props":{"var":"spBottom3","name":"spBottom3"},"compId":472,"child":[{"type":"Image","props":{"y":1477,"x":17,"width":868,"var":"imgBottom","skin":"Cryptos/m/common/ui/img_frame02.png","sizeGrid":"25,30,25,30","name":"imgBottom","height":340},"compId":612},{"type":"Button","props":{"y":1736,"x":171,"var":"btnAuto","stateNum":2,"skin":"Cryptos/m/common/ui/btn_s01_0.png","runtime":"Common.UI.DolButton","name":"btnAuto","labelSize":10,"labelColors":"ffffff","labelAlign":"center","anchorY":0.5,"anchorX":0.5},"compId":486,"child":[{"type":"Script","props":{"y":0,"x":0,"disabledSkin":"Cryptos/m/common/ui/btn_s01_03.png","runtime":"Common.Script.AddDolButtonScript"},"compId":644}]},{"type":"Image","props":{"y":1515,"x":395,"width":650,"var":"imgBetBG","sizeGrid":"56,60,56,60","name":"imgBetBG","anchorX":0.5},"compId":487,"child":[{"type":"Image","props":{"y":2,"x":38,"width":686,"var":"imgBetBG2","skin":"Cryptos/m/common/ui/img_bet01_01.png","sizeGrid":"0,78,0,76","name":"imgBetBG2","height":113},"compId":488},{"type":"Image","props":{"y":49,"x":70,"width":328,"var":"imgBetK","skin":"Cryptos/m/common/ui/img_bet01_02.png","sizeGrid":"0,25,0,25","name":"imgBetK"},"compId":489,"child":[{"type":"Image","props":{"y":0,"x":0,"width":328,"var":"imgBetSelect","skin":"Cryptos/m/common/ui/img_bet02.png","sizeGrid":"0,35,0,35","name":"imgBetSelect"},"compId":490},{"type":"Label","props":{"y":26,"x":169,"var":"lblBet","valign":"middle","text":"0","name":"lblBet","height":30,"fontSize":28,"color":"#ffffff","anchorY":0.5,"anchorX":0.5},"compId":491},{"type":"Button","props":{"y":0,"x":0,"width":330,"var":"btnKeyBoard","skin":"Cryptos/m/common/ui/input.png","name":"btnKeyBoard","height":51},"compId":492}]},{"type":"Image","props":{"y":26,"x":234,"var":"imgUSD","skin":"Cryptos/m/en/ui/img_betUsd.png","name":"imgUSD","anchorY":0.5,"anchorX":0.5},"compId":493,"child":[{"type":"Script","props":{"runtime":"Common.Script.AddLangSpriteScript"},"compId":494}]},{"type":"Button","props":{"y":57,"x":469,"var":"btnDec","stateNum":2,"skin":"Cryptos/m/common/ui/btn_betDec_0.png","runtime":"Common.UI.DolButton","name":"btnDec","anchorY":0.5,"anchorX":0.5},"compId":495,"child":[{"type":"Script","props":{"disabledAlpha":0.3,"runtime":"Common.Script.AddDolButtonScript"},"compId":496}]},{"type":"Button","props":{"y":57,"x":659,"var":"btnAdd","stateNum":2,"skin":"Cryptos/m/common/ui/btn_betAdd_0.png","runtime":"Common.UI.DolButton","name":"btnAdd","anchorY":0.5,"anchorX":0.5},"compId":497,"child":[{"type":"Script","props":{"y":0,"x":0,"disabledAlpha":0.3,"runtime":"Common.Script.AddDolButtonScript"},"compId":498}]},{"type":"Button","props":{"y":58.5,"x":563,"var":"btnBetCoin","stateNum":2,"skin":"Cryptos/m/common/ui/btn_betCoin_0.png","runtime":"Common.UI.DolButton","name":"btnBetCoin","anchorY":0.5,"anchorX":0.5},"compId":499,"child":[{"type":"Script","props":{"y":0,"x":0,"disabledAlpha":0.3,"runtime":"Common.Script.AddDolButtonScript"},"compId":500}]},{"type":"Box","props":{},"compId":501}]}]},{"type":"Panel","props":{"y":970,"x":450,"width":850,"var":"panelBox","name":"panelBox","height":300,"anchorX":0.5},"compId":720,"child":[{"type":"Box","props":{"y":20,"x":5,"width":840,"var":"pBox","name":"pBox","height":200,"anchorX":0},"compId":722}]},{"type":"Image","props":{"y":370,"x":450,"width":820,"var":"nodeBonus","name":"nodeBonus","anchorX":0.5},"compId":723,"child":[{"type":"BonusCell_v","props":{"y":533,"x":33,"var":"coefficient_0","name":"coefficient_0","runtime":"Cryptos.View.CryptosBonusCell"},"compId":724},{"type":"BonusCell_v","props":{"y":452,"x":33,"var":"coefficient_1","name":"coefficient_1","runtime":"Cryptos.View.CryptosBonusCell"},"compId":725},{"type":"BonusCell_v","props":{"y":371,"x":33,"var":"coefficient_2","name":"coefficient_2","runtime":"Cryptos.View.CryptosBonusCell"},"compId":726},{"type":"BonusCell_v","props":{"y":290,"x":33,"var":"coefficient_3","name":"coefficient_3","runtime":"Cryptos.View.CryptosBonusCell"},"compId":727},{"type":"BonusCell_v","props":{"y":208,"x":33,"var":"coefficient_4","name":"coefficient_4","runtime":"Cryptos.View.CryptosBonusCell"},"compId":728},{"type":"BonusCell_v","props":{"y":127,"x":33,"var":"coefficient_5","name":"coefficient_5","runtime":"Cryptos.View.CryptosBonusCell"},"compId":729},{"type":"BonusCell_v","props":{"y":46,"x":33,"var":"coefficient_6","name":"coefficient_6","runtime":"Cryptos.View.CryptosBonusCell"},"compId":730}]},{"type":"Sprite","props":{"y":1224,"x":53,"var":"nodeOpt","name":"nodeOpt"},"compId":476,"child":[{"type":"Image","props":{"y":20,"x":400,"width":350,"skin":"Cryptos/m/common/ui/img_startBg_1.png","sizeGrid":"0,25,0,25","name":"imgRoundStart","height":70,"anchorX":0.5},"compId":701,"child":[{"type":"Image","props":{"y":0,"width":350,"var":"imgStartSelect","skin":"Cryptos/m/common/ui/img_startBg_2.png","sizeGrid":"0,35,0,35","name":"imgStartSelect","centerX":0,"anchorX":0.5},"compId":702},{"type":"Image","props":{"x":250,"skin":"Cryptos/m/th/ui/img_start_pos.png","centerY":0,"anchorY":0.5,"anchorX":1},"compId":703,"child":[{"type":"Script","props":{"runtime":"Common.Script.AddLangSpriteScript"},"compId":704}]},{"type":"Label","props":{"x":257,"var":"lblStart","valign":"middle","text":"0","name":"lblStart","height":30,"fontSize":32,"color":"#ffffff","centerY":1,"anchorY":0.5,"anchorX":0,"align":"left"},"compId":705},{"type":"Button","props":{"var":"btnKeyBoardStart","top":0,"skin":"Cryptos/m/common/ui/input.png","right":0,"name":"btnKeyBoardStart","left":0,"bottom":0},"compId":706}]},{"type":"Button","props":{"y":20,"x":176,"var":"btnLeft","stateNum":2,"skin":"Cryptos/common/common/ui/btn_an03_0.png","scaleY":1,"scaleX":1,"runtime":"Common.UI.DolButton","name":"btnLeft","labelSize":40,"anchorX":0.5},"compId":707,"child":[{"type":"Script","props":{"y":0,"x":0,"disabledSkin":"Cryptos/common/common/ui/btn_an03_03.png","runtime":"Common.Script.AddDolButtonScript"},"compId":708}]},{"type":"Button","props":{"y":20,"x":91,"var":"btnLeft2","stateNum":2,"skin":"Cryptos/common/common/ui/btn_an02_0.png","scaleY":1,"scaleX":1,"runtime":"Common.UI.DolButton","name":"btnLeft2","labelSize":40,"anchorX":0.5},"compId":709,"child":[{"type":"Script","props":{"y":0,"x":0,"disabledSkin":"Cryptos/common/common/ui/btn_an02_03.png","runtime":"Common.Script.AddDolButtonScript"},"compId":710}]},{"type":"Button","props":{"y":20,"x":6,"var":"btnLeft3","stateNum":2,"skin":"Cryptos/common/common/ui/btn_an01_0.png","scaleY":1,"scaleX":1,"runtime":"Common.UI.DolButton","name":"btnLeft3","labelSize":40,"anchorX":0.5},"compId":711,"child":[{"type":"Script","props":{"y":0,"x":0,"disabledSkin":"Cryptos/common/common/ui/btn_an01_03.png","runtime":"Common.Script.AddDolButtonScript"},"compId":712}]},{"type":"Button","props":{"y":20,"x":629,"var":"btnRight","stateNum":2,"skin":"Cryptos/common/common/ui/btn_an04_0.png","scaleY":1,"scaleX":1,"runtime":"Common.UI.DolButton","name":"btnRight","labelSize":40,"anchorX":0.5},"compId":713,"child":[{"type":"Script","props":{"y":0,"x":0,"disabledSkin":"Cryptos/common/common/ui/btn_an04_03.png","runtime":"Common.Script.AddDolButtonScript"},"compId":714}]},{"type":"Button","props":{"y":20,"x":714,"var":"btnRight2","stateNum":2,"skin":"Cryptos/common/common/ui/btn_an05_0.png","scaleY":1,"scaleX":1,"runtime":"Common.UI.DolButton","name":"btnRight2","labelSize":40,"anchorX":0.5},"compId":715,"child":[{"type":"Script","props":{"y":0,"x":0,"disabledSkin":"Cryptos/common/common/ui/btn_an05_03.png","runtime":"Common.Script.AddDolButtonScript"},"compId":716}]},{"type":"Button","props":{"y":20,"x":799,"var":"btnRight3","stateNum":2,"skin":"Cryptos/common/common/ui/btn_an06_0.png","scaleY":1,"scaleX":1,"runtime":"Common.UI.DolButton","name":"btnRight3","labelSize":40,"anchorX":0.5},"compId":717,"child":[{"type":"Script","props":{"y":0,"x":0,"disabledSkin":"Cryptos/common/common/ui/btn_an06_03.png","runtime":"Common.Script.AddDolButtonScript"},"compId":718}]}]},{"type":"Button","props":{"width":900,"var":"btnClose","skin":"Cryptos/m/common/ui/input.png","name":"btnClose","height":1900},"compId":477},{"type":"Image","props":{"y":794,"x":450,"width":690,"var":"imgQuickBetMoney","skin":"Cryptos/m/common/ui/img_betUsdbg.png","sizeGrid":"25,24,25,24","name":"imgQuickBetMoney","height":720,"anchorX":0.5},"compId":480,"child":[{"type":"Image","props":{"y":26,"skin":"Cryptos/m/en/ui/img_betUsd.png","centerX":0,"anchorY":0.5},"compId":595,"child":[{"type":"Script","props":{"runtime":"Common.Script.AddLangSpriteScript"},"compId":596}]},{"type":"Panel","props":{"var":"pQuickBetMoney","vScrollBarSkin":"Cryptos/m/common/ui/vscroll.png","top":50,"right":30,"name":"pQuickBetMoney","left":30,"bottom":30},"compId":597}]},{"type":"Button","props":{"y":188,"x":108,"var":"btnRisk","stateNum":2,"skin":"Cryptos/m/en/ui/btn_risk_0.png","runtime":"Common.UI.DolButton","name":"btnRisk"},"compId":654,"child":[{"type":"Script","props":{"y":0,"x":0,"runtime":"Common.Script.AddLangSpriteScript"},"compId":655},{"type":"Script","props":{"y":0,"x":0,"disabledSkin":"Cryptos/m/en/ui/btn_risk_03.png","runtime":"Common.Script.AddDolButtonScript"},"compId":700}]},{"type":"Image","props":{"y":182,"x":100,"width":720,"visible":false,"var":"imgRisk","skin":"Cryptos/m/common/ui/img_betUsdbg.png","sizeGrid":"25,24,25,24","name":"imgRisk","height":290},"compId":656,"child":[{"type":"Button","props":{"y":27,"x":41,"var":"btnLow","stateNum":2,"skin":"Cryptos/m/en/ui/btn_low_0.png","runtime":"Common.UI.DolButton","name":"btnLow"},"compId":657,"child":[{"type":"Script","props":{"y":0,"x":0,"runtime":"Common.Script.AddLangSpriteScript"},"compId":658},{"type":"Script","props":{"y":0,"x":0,"disabledSkin":"Cryptos/m/en/ui/btn_low_02.png","runtime":"Common.Script.AddDolButtonScript"},"compId":659}]},{"type":"Button","props":{"y":114,"x":41,"var":"btnNormal","stateNum":2,"skin":"Cryptos/m/en/ui/btn_medium_0.png","runtime":"Common.UI.DolButton","name":"btnNormal"},"compId":660,"child":[{"type":"Script","props":{"y":0,"x":0,"runtime":"Common.Script.AddLangSpriteScript"},"compId":661},{"type":"Script","props":{"y":0,"x":0,"disabledSkin":"Cryptos/m/en/ui/btn_medium_02.png","runtime":"Common.Script.AddDolButtonScript"},"compId":662}]},{"type":"Button","props":{"y":200,"x":41,"var":"btnHigh","stateNum":2,"skin":"Cryptos/m/en/ui/btn_high_0.png","runtime":"Common.UI.DolButton","name":"btnHigh"},"compId":663,"child":[{"type":"Script","props":{"y":0,"x":0,"runtime":"Common.Script.AddLangSpriteScript"},"compId":664},{"type":"Script","props":{"y":0,"x":0,"disabledSkin":"Cryptos/m/en/ui/btn_high_02.png","runtime":"Common.Script.AddDolButtonScript"},"compId":665}]}]},{"type":"NumberKeyboard_v","props":{"y":794,"x":156.5,"visible":false,"var":"keyboardStart","name":"keyboardStart","runtime":"Cryptos.View.NumberKeyboard"},"compId":731},{"type":"Image","props":{"y":121,"x":792,"var":"imgCopy","skin":"Cryptos/m/common/ui/btn_change_03.png","name":"imgCopy"},"compId":642,"child":[{"type":"Label","props":{"valign":"middle","name":"lblTime","fontSize":24,"color":"#ffffff","centerY":2,"centerX":0,"anchorY":0.5,"anchorX":0.5,"align":"center"},"compId":643}]},{"type":"Button","props":{"y":130,"x":39,"width":647,"var":"btnSha","stateNum":1,"sizeGrid":"17,30,17,30","name":"btnSha","height":50},"compId":481,"child":[{"type":"Image","props":{"y":20,"var":"imgSha","skin":"Cryptos/m/en/ui/img_issue_03.png","name":"imgSha","anchorY":0.5},"compId":598,"child":[{"type":"Script","props":{"runtime":"Common.Script.AddLangSpriteScript"},"compId":599}]},{"type":"Box","props":{"y":22,"x":136,"var":"bSha","name":"bSha","height":50,"anchorY":0.5},"compId":648,"child":[{"type":"Label","props":{"var":"lbCode","valign":"middle","text":"432423432432432","name":"lbCode","fontSize":28,"color":"#ffffff","centerY":0,"anchorY":0.5,"anchorX":0},"compId":649},{"type":"Panel","props":{"x":0,"width":410,"var":"p","name":"p","height":100,"centerY":0,"anchorY":0.5},"compId":650,"child":[{"type":"Animation","props":{"y":-11,"x":0,"var":"ani","source":"Cryptos/common/common/ani/roundid.atlas","runtime":"Common.UI.DolAnimation","name":"ani","autoPlay":true},"compId":651,"child":[{"type":"Script","props":{"runtime":"Common.Script.AddAnimationScript"},"compId":652}]}]}]}]},{"type":"Button","props":{"y":120,"x":697,"var":"btnCopy","stateNum":2,"skin":"Cryptos/m/common/ui/btn_copy_0.png","runtime":"Common.UI.DolButton","name":"btnCopy"},"compId":482,"child":[{"type":"Script","props":{"y":0,"x":0,"disabledSkin":"Cryptos/m/common/ui/btn_copy_03.png","runtime":"Common.Script.AddDolButtonScript"},"compId":653}]},{"type":"Button","props":{"y":120,"x":792,"var":"btnFresh","stateNum":2,"skin":"Cryptos/m/common/ui/btn_change_0.png","runtime":"Common.UI.DolButton","name":"btnFresh"},"compId":483,"child":[{"type":"Label","props":{"var":"lblTime","valign":"middle","name":"lblTime","fontSize":28,"color":"#ffffff","centerY":2,"centerX":0,"anchorY":0.5,"anchorX":0.5,"align":"center"},"compId":604},{"type":"Script","props":{"disabledSkin":"Cryptos/m/common/ui/btn_change_1.png","runtime":"Common.Script.AddDolButtonScript"},"compId":605}]},{"type":"Sprite","props":{"var":"spBottom","name":"spBottom"},"compId":484,"child":[{"type":"Button","props":{"y":1736,"x":171,"var":"btnStop","stateNum":2,"skin":"Cryptos/m/common/ui/btn_s02_0.png","name":"btnStop","labelSize":10,"labelColors":"ffffff","labelAlign":"center","anchorY":0.5,"anchorX":0.5},"compId":606,"child":[{"type":"Label","props":{"y":58,"x":58,"var":"lbLeft","valign":"middle","text":"0","name":"lbLeft","fontSize":36,"color":"#ffffff","anchorY":0.5,"anchorX":0.5,"align":"center"},"compId":607}]},{"type":"Button","props":{"y":1731,"x":525,"var":"btnBet","stateNum":2,"skin":"Cryptos/m/en/ui/btn_bet_0.png","runtime":"Common.UI.DolButton","name":"btnBet","anchorY":0.5,"anchorX":0.5},"compId":608,"child":[{"type":"Script","props":{"disabledSkin":"Cryptos/m/en/ui/btn_bet_03.png","runtime":"Common.Script.AddDolButtonScript"},"compId":609},{"type":"Script","props":{"runtime":"Common.Script.AddLangSpriteScript"},"compId":610}]},{"type":"Box","props":{"y":1055,"x":36,"width":539,"var":"imgBetMoneyKeyboard","styleSkin":"Cryptos/m/common/ui/img_enterBg.png","sizeGrid":"36,35,35,36","name":"imgBetMoneyKeyboard","height":415,"anchorY":0,"anchorX":0},"compId":613,"child":[{"type":"Image","props":{"top":-20,"skin":"Cryptos/m/common/ui/img_enterBg.png","sizeGrid":"30,30,30,30","right":-30,"left":-30,"bottom":-50},"compId":614},{"type":"Button","props":{"y":50,"var":"btnNum1","stateNum":2,"skin":"Cryptos/m/common/ui/btn_enter_0.png","name":"btnNum1","left":10,"anchorY":0.5,"anchorX":0},"compId":615,"child":[{"type":"Image","props":{"skin":"Cryptos/m/common/ui/img_k1.png","centerY":0,"centerX":0,"anchorY":0.5,"anchorX":0.5},"compId":616}]},{"type":"Button","props":{"y":50,"var":"btnNum2","stateNum":2,"skin":"Cryptos/m/common/ui/btn_enter_0.png","name":"btnNum2","centerX":-2,"anchorY":0.5,"anchorX":0.5},"compId":617,"child":[{"type":"Image","props":{"y":0,"x":0,"skin":"Cryptos/m/common/ui/img_k2.png","centerY":0,"centerX":0,"anchorY":0.5,"anchorX":0.5},"compId":618}]},{"type":"Button","props":{"y":50,"var":"btnNum3","stateNum":2,"skin":"Cryptos/m/common/ui/btn_enter_0.png","right":13,"name":"btnNum3","anchorY":0.5,"anchorX":0.5},"compId":619,"child":[{"type":"Image","props":{"y":0,"x":0,"skin":"Cryptos/m/common/ui/img_k3.png","centerY":0,"centerX":0,"anchorY":0.5,"anchorX":0.5},"compId":620}]},{"type":"Button","props":{"y":133,"var":"btnNum4","stateNum":2,"skin":"Cryptos/m/common/ui/btn_enter_0.png","name":"btnNum4","left":10,"anchorY":0.5,"anchorX":0.5},"compId":621,"child":[{"type":"Image","props":{"y":0,"x":0,"skin":"Cryptos/m/common/ui/img_k4.png","centerY":0,"centerX":0,"anchorY":0.5,"anchorX":0.5},"compId":622}]},{"type":"Button","props":{"y":133,"var":"btnNum5","stateNum":2,"skin":"Cryptos/m/common/ui/btn_enter_0.png","name":"btnNum5","centerX":-3,"anchorY":0.5,"anchorX":0.5},"compId":623,"child":[{"type":"Image","props":{"y":0,"x":0,"skin":"Cryptos/m/common/ui/img_k5.png","centerY":0,"centerX":0,"anchorY":0.5,"anchorX":0.5},"compId":624}]},{"type":"Button","props":{"y":133,"var":"btnNum6","stateNum":2,"skin":"Cryptos/m/common/ui/btn_enter_0.png","right":13,"name":"btnNum6","anchorY":0.5,"anchorX":0.5},"compId":625,"child":[{"type":"Image","props":{"y":0,"x":0,"skin":"Cryptos/m/common/ui/img_k6.png","centerY":0,"centerX":0,"anchorY":0.5,"anchorX":0.5},"compId":626}]},{"type":"Button","props":{"y":217,"var":"btnNum7","stateNum":2,"skin":"Cryptos/m/common/ui/btn_enter_0.png","name":"btnNum7","left":10,"anchorY":0.5,"anchorX":0.5},"compId":627,"child":[{"type":"Image","props":{"y":0,"x":0,"skin":"Cryptos/m/common/ui/img_k7.png","centerY":0,"centerX":0,"anchorY":0.5,"anchorX":0.5},"compId":628}]},{"type":"Button","props":{"y":217,"var":"btnNum8","stateNum":2,"skin":"Cryptos/m/common/ui/btn_enter_0.png","name":"btnNum8","centerX":-2,"anchorY":0.5,"anchorX":0.5},"compId":629,"child":[{"type":"Image","props":{"y":0,"x":0,"skin":"Cryptos/m/common/ui/img_k8.png","centerY":0,"centerX":0,"anchorY":0.5,"anchorX":0.5},"compId":630}]},{"type":"Button","props":{"y":217,"var":"btnNum9","stateNum":2,"skin":"Cryptos/m/common/ui/btn_enter_0.png","right":13,"name":"btnNum9","anchorY":0.5,"anchorX":0.5},"compId":631,"child":[{"type":"Image","props":{"y":0,"x":0,"skin":"Cryptos/m/common/ui/img_k9.png","centerY":0,"centerX":0,"anchorY":0.5,"anchorX":0.5},"compId":632}]},{"type":"Button","props":{"y":300,"var":"btnNumDot","stateNum":2,"skin":"Cryptos/m/common/ui/btn_enter_0.png","runtime":"Common.UI.DolButton","name":"btnNumDot","left":10,"anchorY":0.5,"anchorX":0.5},"compId":633,"child":[{"type":"Image","props":{"y":0,"x":0,"skin":"Cryptos/m/common/ui/img_kDot.png","centerY":0,"centerX":0,"anchorY":0.5,"anchorX":0.5},"compId":634},{"type":"Script","props":{"disabledAlpha":0.7,"runtime":"Common.Script.AddDolButtonScript"},"compId":635}]},{"type":"Button","props":{"y":300,"var":"btnNum0","stateNum":2,"skin":"Cryptos/m/common/ui/btn_enter_0.png","name":"btnNum0","centerX":-2,"anchorY":0.5,"anchorX":0.5},"compId":636,"child":[{"type":"Image","props":{"skin":"Cryptos/m/common/ui/img_k0.png","centerY":0,"centerX":0,"anchorY":0.5,"anchorX":0.5},"compId":637}]},{"type":"Button","props":{"y":300,"var":"btnDel","stateNum":2,"skin":"Cryptos/m/common/ui/btn_enter_0.png","right":13,"name":"btnDel","anchorY":0.5,"anchorX":0.5},"compId":638,"child":[{"type":"Image","props":{"skin":"Cryptos/m/common/ui/btn_enterDelete.png","centerY":0,"centerX":0,"anchorY":0.5,"anchorX":0.5},"compId":639}]},{"type":"Button","props":{"var":"btnOK","stateNum":1,"skin":"Cryptos/m/common/ui/btn_enterOk_button.png","sizeGrid":"21,20,21,20","right":13,"name":"btnOK","left":10,"bottom":10,"anchorY":0.5,"anchorX":0.5},"compId":640,"child":[{"type":"Image","props":{"skin":"Cryptos/m/common/ui/btn_enterOk.png","centerY":0,"centerX":0,"anchorY":0.5,"anchorX":0.5},"compId":641}]}]}]}],"loadList":["Cryptos/m/common/ui/img_bet3.png","Cryptos/m/common/ui/img_frame02.png","Cryptos/m/common/ui/btn_s01_0.png","Cryptos/m/common/ui/btn_s01_03.png","Cryptos/m/common/ui/img_bet01_01.png","Cryptos/m/common/ui/img_bet01_02.png","Cryptos/m/common/ui/img_bet02.png","Cryptos/m/common/ui/input.png","Cryptos/m/en/ui/img_betUsd.png","Cryptos/m/common/ui/btn_betDec_0.png","Cryptos/m/common/ui/btn_betAdd_0.png","Cryptos/m/common/ui/btn_betCoin_0.png","GameUI/Cryptos/View/BonusCell_v.scene","Cryptos/m/common/ui/img_startBg_1.png","Cryptos/m/common/ui/img_startBg_2.png","Cryptos/m/th/ui/img_start_pos.png","Cryptos/common/common/ui/btn_an03_0.png","Cryptos/common/common/ui/btn_an03_03.png","Cryptos/common/common/ui/btn_an02_0.png","Cryptos/common/common/ui/btn_an02_03.png","Cryptos/common/common/ui/btn_an01_0.png","Cryptos/common/common/ui/btn_an01_03.png","Cryptos/common/common/ui/btn_an04_0.png","Cryptos/common/common/ui/btn_an04_03.png","Cryptos/common/common/ui/btn_an05_0.png","Cryptos/common/common/ui/btn_an05_03.png","Cryptos/common/common/ui/btn_an06_0.png","Cryptos/common/common/ui/btn_an06_03.png","Cryptos/m/common/ui/img_betUsdbg.png","Cryptos/m/common/ui/vscroll.png","Cryptos/m/en/ui/btn_risk_0.png","Cryptos/m/en/ui/btn_risk_03.png","Cryptos/m/en/ui/btn_low_0.png","Cryptos/m/en/ui/btn_low_02.png","Cryptos/m/en/ui/btn_medium_0.png","Cryptos/m/en/ui/btn_medium_02.png","Cryptos/m/en/ui/btn_high_0.png","Cryptos/m/en/ui/btn_high_02.png","GameUI/Cryptos/View/NumberKeyboard_v.scene","Cryptos/m/common/ui/btn_change_03.png","Cryptos/m/en/ui/img_issue_03.png","Cryptos/m/common/ui/btn_copy_0.png","Cryptos/m/common/ui/btn_copy_03.png","Cryptos/m/common/ui/btn_change_0.png","Cryptos/m/common/ui/btn_change_1.png","Cryptos/m/common/ui/btn_s02_0.png","Cryptos/m/en/ui/btn_bet_0.png","Cryptos/m/en/ui/btn_bet_03.png","Cryptos/m/common/ui/img_enterBg.png","Cryptos/m/common/ui/btn_enter_0.png","Cryptos/m/common/ui/img_k1.png","Cryptos/m/common/ui/img_k2.png","Cryptos/m/common/ui/img_k3.png","Cryptos/m/common/ui/img_k4.png","Cryptos/m/common/ui/img_k5.png","Cryptos/m/common/ui/img_k6.png","Cryptos/m/common/ui/img_k7.png","Cryptos/m/common/ui/img_k8.png","Cryptos/m/common/ui/img_k9.png","Cryptos/m/common/ui/img_kDot.png","Cryptos/m/common/ui/img_k0.png","Cryptos/m/common/ui/btn_enterDelete.png","Cryptos/m/common/ui/btn_enterOk_button.png","Cryptos/m/common/ui/btn_enterOk.png"],"loadList3D":[]}