{"type":"View","props":{"width":222,"height":50},"compId":2,"child":[{"type":"Button","props":{"var":"btn","top":0,"stateNum":1,"skin":"Cryptos/m/common/ui/btn_numbercell01_01.png","sizeGrid":"0,35,0,35","runtime":"Common.UI.DolButton","right":0,"name":"btn","left":0,"bottom":0},"compId":21,"child":[{"type":"Script","props":{"y":0,"x":0,"disabledSkin":"Cryptos/m/common/ui/btn_numbercell01_02.png","runtime":"Common.Script.AddDolButtonScript"},"compId":23}]},{"type":"Button","props":{"y":0,"x":0,"visible":false,"var":"btn2","top":0,"stateNum":1,"skin":"Cryptos/m/common/ui/btn_numbercell01_02.png","sizeGrid":"0,35,0,35","runtime":"Common.UI.DolButton","right":0,"name":"btn2","left":0,"bottom":0},"compId":28,"child":[{"type":"Script","props":{"y":0,"x":0,"disabledSkin":"Cryptos/m/common/ui/btn_numbercell02_02.png","runtime":"Common.Script.AddDolButtonScript"},"compId":29}]},{"type":"Label","props":{"var":"lbl","valign":"middle","text":"100","name":"lbl","fontSize":32,"color":"#ffffff","centerY":2,"centerX":0,"anchorY":0.5,"anchorX":0.5,"align":"center"},"compId":25}],"loadList":["Cryptos/m/common/ui/btn_numbercell01_01.png","Cryptos/m/common/ui/btn_numbercell01_02.png","Cryptos/m/common/ui/btn_numbercell02_02.png"],"loadList3D":[]}