{"type":"View","props":{"width":600,"runtime":"Cryptos.View.NumberKeyboard","height":440},"compId":2,"child":[{"type":"Image","props":{"y":220,"x":300,"width":600,"var":"imgBetMoneyKeyboard","skin":"Cryptos/m/common/ui/img_enterBg.png","sizeGrid":"30,30,30,30","name":"imgBetMoneyKeyboard","height":440,"anchorY":0.5,"anchorX":0.5},"compId":35,"child":[{"type":"Button","props":{"y":58,"x":129,"var":"btnNum1","stateNum":2,"skin":"Cryptos/m/common/ui/btn_enter_0.png","name":"btnNum1","anchorY":0.5,"anchorX":0.5},"compId":36,"child":[{"type":"Image","props":{"skin":"Cryptos/m/common/ui/img_number02_01.png","scaleY":0.5,"scaleX":0.5,"centerY":0,"centerX":0,"anchorY":0.5,"anchorX":0.5},"compId":37}]},{"type":"Button","props":{"y":58,"x":301,"var":"btnNum2","stateNum":2,"skin":"Cryptos/m/common/ui/btn_enter_0.png","name":"btnNum2","anchorY":0.5,"anchorX":0.5},"compId":38,"child":[{"type":"Image","props":{"skin":"Cryptos/m/common/ui/img_number02_02.png","scaleY":0.5,"scaleX":0.5,"centerY":0,"centerX":0,"anchorY":0.5,"anchorX":0.5},"compId":39}]},{"type":"Button","props":{"y":58,"x":473,"var":"btnNum3","stateNum":2,"skin":"Cryptos/m/common/ui/btn_enter_0.png","name":"btnNum3","anchorY":0.5,"anchorX":0.5},"compId":40,"child":[{"type":"Image","props":{"skin":"Cryptos/m/common/ui/img_number02_03.png","scaleY":0.5,"scaleX":0.5,"centerY":0,"centerX":0,"anchorY":0.5,"anchorX":0.5},"compId":41}]},{"type":"Button","props":{"y":139,"x":129,"var":"btnNum4","stateNum":2,"skin":"Cryptos/m/common/ui/btn_enter_0.png","name":"btnNum4","anchorY":0.5,"anchorX":0.5},"compId":42,"child":[{"type":"Image","props":{"skin":"Cryptos/m/common/ui/img_number02_04.png","scaleY":0.5,"scaleX":0.5,"centerY":0,"centerX":0,"anchorY":0.5,"anchorX":0.5},"compId":43}]},{"type":"Button","props":{"y":139,"x":301,"var":"btnNum5","stateNum":2,"skin":"Cryptos/m/common/ui/btn_enter_0.png","name":"btnNum5","anchorY":0.5,"anchorX":0.5},"compId":44,"child":[{"type":"Image","props":{"skin":"Cryptos/m/common/ui/img_number02_05.png","scaleY":0.5,"scaleX":0.5,"centerY":0,"centerX":0,"anchorY":0.5,"anchorX":0.5},"compId":45}]},{"type":"Button","props":{"y":139,"x":473,"var":"btnNum6","stateNum":2,"skin":"Cryptos/m/common/ui/btn_enter_0.png","name":"btnNum6","anchorY":0.5,"anchorX":0.5},"compId":46,"child":[{"type":"Image","props":{"skin":"Cryptos/m/common/ui/img_number02_06.png","scaleY":0.5,"scaleX":0.5,"centerY":0,"centerX":0,"anchorY":0.5,"anchorX":0.5},"compId":47}]},{"type":"Button","props":{"y":221,"x":129,"var":"btnNum7","stateNum":2,"skin":"Cryptos/m/common/ui/btn_enter_0.png","name":"btnNum7","anchorY":0.5,"anchorX":0.5},"compId":48,"child":[{"type":"Image","props":{"skin":"Cryptos/m/common/ui/img_number02_07.png","scaleY":0.5,"scaleX":0.5,"centerY":0,"centerX":0,"anchorY":0.5,"anchorX":0.5},"compId":49}]},{"type":"Button","props":{"y":221,"var":"btnNum8","stateNum":2,"skin":"Cryptos/m/common/ui/btn_enter_0.png","name":"btnNum8","centerX":1,"anchorY":0.5,"anchorX":0.5},"compId":50,"child":[{"type":"Image","props":{"skin":"Cryptos/m/common/ui/img_number02_08.png","scaleY":0.5,"scaleX":0.5,"centerY":0,"centerX":0,"anchorY":0.5,"anchorX":0.5},"compId":51}]},{"type":"Button","props":{"y":221,"x":473,"var":"btnNum9","stateNum":2,"skin":"Cryptos/m/common/ui/btn_enter_0.png","name":"btnNum9","anchorY":0.5,"anchorX":0.5},"compId":52,"child":[{"type":"Image","props":{"skin":"Cryptos/m/common/ui/img_number02_09.png","scaleY":0.5,"scaleX":0.5,"centerY":0,"centerX":0,"anchorY":0.5,"anchorX":0.5},"compId":53}]},{"type":"Button","props":{"y":302,"x":129,"var":"btnNumDot","stateNum":2,"skin":"Cryptos/m/common/ui/btn_enter_0.png","runtime":"Common.UI.DolButton","name":"btnNumDot","disabled":true,"anchorY":0.5,"anchorX":0.5},"compId":54,"child":[{"type":"Image","props":{"skin":"Cryptos/m/common/ui/img_number02_0Dot.png","scaleY":0.5,"scaleX":0.5,"centerY":0,"centerX":0,"anchorY":0.5,"anchorX":0.5},"compId":55},{"type":"Script","props":{"y":0,"x":0,"disabledAlpha":0.3,"runtime":"Common.Script.AddDolButtonScript"},"compId":56}]},{"type":"Button","props":{"y":302,"x":301,"var":"btnNum0","stateNum":2,"skin":"Cryptos/m/common/ui/btn_enter_0.png","name":"btnNum0","anchorY":0.5,"anchorX":0.5},"compId":57,"child":[{"type":"Image","props":{"skin":"Cryptos/m/common/ui/img_number02_00.png","scaleY":0.5,"scaleX":0.5,"centerY":0,"centerX":0,"anchorY":0.5,"anchorX":0.5},"compId":58}]},{"type":"Button","props":{"y":302,"x":473,"var":"btnDel","stateNum":2,"skin":"Cryptos/m/common/ui/btn_enter_0.png","name":"btnDel","anchorY":0.5,"anchorX":0.5},"compId":59,"child":[{"type":"Image","props":{"skin":"Cryptos/m/common/ui/btn_enterDelete.png","centerY":0,"centerX":0,"anchorY":0.5,"anchorX":0.5},"compId":60}]},{"type":"Button","props":{"y":380,"x":300,"width":520,"var":"btnOK","stateNum":1,"skin":"Cryptos/m/common/ui/btn_enterOk_button.png","sizeGrid":"21,20,21,20","name":"btnOK","anchorY":0.5,"anchorX":0.5},"compId":61,"child":[{"type":"Image","props":{"skin":"Cryptos/m/common/ui/btn_enterOk.png","centerY":0,"centerX":0,"anchorY":0.5,"anchorX":0.5},"compId":62}]}]}],"loadList":["Cryptos/m/common/ui/img_enterBg.png","Cryptos/m/common/ui/btn_enter_0.png","Cryptos/m/common/ui/img_number02_01.png","Cryptos/m/common/ui/img_number02_02.png","Cryptos/m/common/ui/img_number02_03.png","Cryptos/m/common/ui/img_number02_04.png","Cryptos/m/common/ui/img_number02_05.png","Cryptos/m/common/ui/img_number02_06.png","Cryptos/m/common/ui/img_number02_07.png","Cryptos/m/common/ui/img_number02_08.png","Cryptos/m/common/ui/img_number02_09.png","Cryptos/m/common/ui/img_number02_0Dot.png","Cryptos/m/common/ui/img_number02_00.png","Cryptos/m/common/ui/btn_enterDelete.png","Cryptos/m/common/ui/btn_enterOk_button.png","Cryptos/m/common/ui/btn_enterOk.png"],"loadList3D":[]}