{"type":"View","props":{"width":900,"runtime":"BaseChips.Base.View.ScreenSettingView","height":1900},"compId":2,"child":[{"type":"Sprite","props":{"y":0,"x":0,"width":900,"var":"spMask","name":"spMask","height":1900},"compId":41,"child":[{"type":"Script","props":{"maskTouchEvent":true,"maskColor":"#00000055","hasMask":true,"clickCloseParent":true,"runtime":"Common.Script.AddSpriteDrawRectScript"},"compId":42}]},{"type":"Box","props":{"y":950,"x":450,"width":860,"visible":true,"var":"sp","name":"sp","mouseEnabled":true,"height":520,"anchorY":0.5,"anchorX":0.5},"compId":8,"child":[{"type":"Image","props":{"top":0,"skin":"Cryptos/m/common/ui/img_windowBg.png","sizeGrid":"30,30,30,30","right":0,"left":0,"bottom":0},"compId":9},{"type":"Button","props":{"y":35,"var":"btnClose","stateNum":1,"skin":"Cryptos/m/common/ui/btn_close.png","right":16,"name":"btnClose","anchorY":0.5,"anchorX":1},"compId":40},{"type":"Button","props":{"y":304,"x":200,"var":"btnH","stateNum":1,"skin":"Cryptos/m/common/ui/btn_choose_001.png","runtime":"Common.UI.DolButton","name":"btnH","anchorY":0.5,"anchorX":0.5},"compId":52,"child":[{"type":"Script","props":{"y":0,"x":0,"disabledSkin":"Cryptos/m/common/ui/btn_choose_002.png","runtime":"Common.Script.AddDolButtonScript"},"compId":53},{"type":"Image","props":{"y":48,"x":14,"skin":"Cryptos/m/common/ui/img_mode_heng.png"},"compId":61}]},{"type":"Button","props":{"y":304,"x":660,"var":"btnV","stateNum":1,"skin":"Cryptos/m/common/ui/btn_choose_001.png","runtime":"Common.UI.DolButton","name":"btnV","anchorY":0.5,"anchorX":0.5},"compId":55,"child":[{"type":"Script","props":{"y":0,"x":0,"disabledSkin":"Cryptos/m/common/ui/btn_choose_002.png","runtime":"Common.Script.AddDolButtonScript"},"compId":56},{"type":"Image","props":{"y":-9,"x":53,"skin":"Cryptos/m/common/ui/img_mode_shu.png"},"compId":62}]},{"type":"Image","props":{"y":72,"skin":"Cryptos/m/common/ui/img_frameLine_03.png","right":0,"left":0},"compId":58},{"type":"Image","props":{"y":36,"x":30,"skin":"Cryptos/m/en/ui/title_mode.png","anchorY":0.5},"compId":59,"child":[{"type":"Script","props":{"runtime":"Common.Script.AddLangSpriteScript"},"compId":60}]}]}],"loadList":["Cryptos/m/common/ui/img_windowBg.png","Cryptos/m/common/ui/btn_close.png","Cryptos/m/common/ui/btn_choose_001.png","Cryptos/m/common/ui/btn_choose_002.png","Cryptos/m/common/ui/img_mode_heng.png","Cryptos/m/common/ui/img_mode_shu.png","Cryptos/m/common/ui/img_frameLine_03.png","Cryptos/m/en/ui/title_mode.png"],"loadList3D":[]}