{"type":"View","props":{"width":900,"runtime":"BaseFSG.Base.View.UserInfo","height":1900},"compId":2,"child":[{"type":"Sprite","props":{"y":0,"x":0,"width":900,"height":1900},"compId":63,"child":[{"type":"Script","props":{"maskTouchEvent":true,"maskColor":"#00000000","hasMask":true,"clickCloseParent":true,"runtime":"Common.Script.AddSpriteDrawRectScript"},"compId":64}]},{"type":"Image","props":{"y":1250,"x":846,"width":504,"var":"imgK","skin":"Cryptos/m/common/ui/img_windowBg_02.png","sizeGrid":"24,26,22,24","name":"imgK","height":430,"anchorX":1},"compId":3,"child":[{"type":"Label","props":{"y":36,"x":30,"var":"labUserName","text":"d***8","name":"labUserName","fontSize":32,"font":"Microsoft YaHei","color":"#f4f6f5","anchorY":0.5},"compId":6},{"type":"Image","props":{"y":72,"skin":"Cryptos/m/common/ui/img_frame_03.png","sizeGrid":"27,12,25,11","right":18,"left":18},"compId":15,"child":[{"type":"CheckBox","props":{"var":"chkSound","skin":"Cryptos/m/common/ui/btn_check.png","right":20,"name":"chkSound","centerY":0,"anchorX":1},"compId":57},{"type":"Image","props":{"x":60,"skin":"Cryptos/m/en/ui/img_set_01.png","centerY":0,"anchorY":0.5},"compId":19,"child":[{"type":"Script","props":{"y":0,"x":0,"runtime":"Common.Script.AddLangSpriteScript"},"compId":20},{"type":"Image","props":{"x":-46,"skin":"Cryptos/m/common/ui/img_iconSound.png","centerY":-3,"anchorY":0.5},"compId":18}]}]},{"type":"Button","props":{"y":157,"var":"btnBettingRecord","stateNum":1,"skin":"Cryptos/m/common/ui/img_frame_03.png","sizeGrid":"28,13,28,13","right":18,"name":"btnBettingRecord","left":18},"compId":45,"child":[{"type":"Image","props":{"x":60,"skin":"Cryptos/m/en/ui/img_set_02.png","centerY":0,"anchorY":0.5},"compId":49,"child":[{"type":"Script","props":{"y":0,"x":0,"runtime":"Common.Script.AddLangSpriteScript"},"compId":50},{"type":"Image","props":{"x":-48,"skin":"Cryptos/m/common/ui/img_iconMybetHistory.png","centerY":0,"anchorY":0.5},"compId":51}]}]},{"type":"Button","props":{"y":242,"x":18,"var":"btnRule","stateNum":1,"skin":"Cryptos/m/common/ui/img_frame_03.png","sizeGrid":"28,13,28,13","right":18,"name":"btnRule","left":18},"compId":65,"child":[{"type":"Image","props":{"x":60,"skin":"Cryptos/m/en/ui/img_set_03.png","centerY":0,"anchorY":0.5},"compId":66,"child":[{"type":"Script","props":{"y":0,"x":0,"runtime":"Common.Script.AddLangSpriteScript"},"compId":67},{"type":"Image","props":{"x":-48,"skin":"Cryptos/m/common/ui/img_iconGamerules.png","centerY":0,"anchorY":0.5},"compId":68}]}]},{"type":"Button","props":{"y":327,"var":"btnGameLimit","stateNum":1,"skin":"Cryptos/m/common/ui/img_frame_03.png","sizeGrid":"28,13,28,13","right":18,"name":"btnGameLimit","left":18},"compId":52,"child":[{"type":"Image","props":{"x":60,"skin":"Cryptos/m/en/ui/img_set_04.png","centerY":0,"anchorY":0.5},"compId":53,"child":[{"type":"Script","props":{"y":0,"x":0,"runtime":"Common.Script.AddLangSpriteScript"},"compId":54},{"type":"Image","props":{"x":-48,"skin":"Cryptos/m/common/ui/img_iconGamelimits.png","centerY":0,"anchorY":0.5},"compId":55}]}]},{"type":"Button","props":{"y":412,"x":0,"var":"btnScreen","stateNum":1,"skin":"Cryptos/m/common/ui/img_frame_03.png","sizeGrid":"28,13,28,13","right":18,"name":"btnScreen","left":18},"compId":69,"child":[{"type":"Image","props":{"x":60,"skin":"Cryptos/m/en/ui/img_mode2.png","centerY":0,"anchorY":0.5},"compId":70,"child":[{"type":"Script","props":{"y":0,"x":0,"runtime":"Common.Script.AddLangSpriteScript"},"compId":71},{"type":"Image","props":{"x":-48,"skin":"Cryptos/m/common/ui/img_mode1.png","centerY":0,"anchorY":0.5},"compId":72}]}]},{"type":"Button","props":{"y":497,"x":0,"var":"btnLang","stateNum":1,"skin":"Cryptos/m/common/ui/img_frame_03.png","sizeGrid":"28,13,28,13","right":18,"name":"btnLang","left":18},"compId":73,"child":[{"type":"Image","props":{"x":60,"skin":"Cryptos/m/en/ui/img_set_05.png","centerY":0,"anchorY":0.5},"compId":74,"child":[{"type":"Script","props":{"y":0,"x":0,"runtime":"Common.Script.AddLangSpriteScript"},"compId":75},{"type":"Image","props":{"x":-48,"skin":"Cryptos/m/common/ui/img_iconLanguage.png","centerY":0,"anchorY":0.5},"compId":76}]}]}]}],"loadList":["Cryptos/m/common/ui/img_windowBg_02.png","Cryptos/m/common/ui/img_frame_03.png","Cryptos/m/common/ui/btn_check.png","Cryptos/m/en/ui/img_set_01.png","Cryptos/m/common/ui/img_iconSound.png","Cryptos/m/en/ui/img_set_02.png","Cryptos/m/common/ui/img_iconMybetHistory.png","Cryptos/m/en/ui/img_set_03.png","Cryptos/m/common/ui/img_iconGamerules.png","Cryptos/m/en/ui/img_set_04.png","Cryptos/m/common/ui/img_iconGamelimits.png","Cryptos/m/en/ui/img_mode2.png","Cryptos/m/common/ui/img_mode1.png","Cryptos/m/en/ui/img_set_05.png","Cryptos/m/common/ui/img_iconLanguage.png"],"loadList3D":[]}