{"type":"Scene","props":{"width":475,"height":227},"compId":2,"child":[{"type":"Image","props":{"y":0,"x":0,"width":475,"skin":"Common/common/common/dialog/bg_hall.png","sizeGrid":"26,15,30,15","height":227},"compId":3},{"type":"Button","props":{"y":13,"x":433.5,"var":"btnClose","skin":"Common/common/common/dialog/btn_hall_close.png"},"compId":7},{"type":"Button","props":{"y":168,"x":64,"var":"btnYes","skin":"Common/common/en/ui/btn_ok.png","name":"btnYes"},"compId":8,"child":[{"type":"Script","props":{"runtime":"Common.Script.AddLangSpriteScript"},"compId":9}]},{"type":"Button","props":{"y":168,"x":261,"var":"btnNo","skin":"Common/common/en/ui/btn_cancel.png","name":"btnNo"},"compId":6,"child":[{"type":"Script","props":{"runtime":"Common.Script.AddLangSpriteScript"},"compId":10}]},{"type":"Image","props":{"y":14,"x":237.5,"var":"imgTitle","skin":"Common/common/en/ui/title_returnhall.png","name":"imgTitle","anchorX":0.5},"compId":11,"child":[{"type":"Script","props":{"runtime":"Common.Script.AddLangSpriteScript"},"compId":13}]},{"type":"Image","props":{"y":101,"x":237.5,"var":"imgContext","skin":"Common/common/en/ui/context_returnhall.png","name":"imgContext","anchorY":0.5,"anchorX":0.5},"compId":12,"child":[{"type":"Script","props":{"runtime":"Common.Script.AddLangSpriteScript"},"compId":14}]}],"loadList":["Common/common/common/dialog/bg_hall.png","Common/common/common/dialog/btn_hall_close.png","Common/common/en/ui/btn_ok.png","Common/common/en/ui/btn_cancel.png","Common/common/en/ui/title_returnhall.png","Common/common/en/ui/context_returnhall.png"],"loadList3D":[]}