{"type":"View","props":{"width":900,"runtime":"BaseFSG.Base.View.AutoPlaySelected","height":1900},"compId":2,"child":[{"type":"Sprite","props":{"y":0,"x":0,"width":900,"var":"spMask","name":"spMask","height":1900},"compId":83,"child":[{"type":"Script","props":{"maskTouchEvent":true,"maskColor":"#00000055","hasMask":true,"clickCloseParent":true,"runtime":"Common.Script.AddSpriteDrawRectScript"},"compId":84}]},{"type":"Box","props":{"var":"box","right":18,"name":"box","left":18,"height":1120,"centerY":0,"anchorY":0.5,"anchorX":0.5},"compId":85,"child":[{"type":"Image","props":{"y":0,"x":0,"top":0,"skin":"Limbo/m/common/ui/img_windowBg.png","sizeGrid":"30,30,30,30","right":0,"left":0,"bottom":0},"compId":3},{"type":"Image","props":{"y":100,"skin":"Limbo/m/common/ui/img_frameLine_03.png","right":0,"left":0},"compId":4},{"type":"Image","props":{"y":49,"x":39,"skin":"Limbo/m/en/ui/img_title_autoPlay.png","sizeGrid":"32,16,32,12","anchorY":0.5},"compId":18,"child":[{"type":"Script","props":{"runtime":"Common.Script.AddLangSpriteScript"},"compId":19}]},{"type":"Button","props":{"y":46.5,"var":"btnClose","stateNum":1,"skin":"Limbo/m/common/ui/btn_close.png","right":26,"name":"btnClose","anchorY":0.5,"anchorX":1},"compId":17},{"type":"Box","props":{"y":100,"var":"nodeMoveDown","right":25,"name":"nodeMoveDown","left":25,"height":1000},"compId":67,"child":[{"type":"Box","props":{"y":48,"right":0,"left":0,"height":354},"compId":66,"child":[{"type":"Image","props":{"top":0,"skin":"Limbo/m/common/ui/bg_frame_4.png","sizeGrid":"32,16,32,12","right":0,"left":0,"bottom":0},"compId":93},{"type":"Image","props":{"y":34,"skin":"Limbo/m/en/ui/img_autoPlay_num.png","sizeGrid":"32,16,32,12","centerX":0,"anchorY":0.5,"anchorX":0.5},"compId":94,"child":[{"type":"Script","props":{"runtime":"Common.Script.AddLangSpriteScript"},"compId":95}]},{"type":"Panel","props":{"x":0,"var":"pList","vScrollBarSkin":"Limbo/m/common/ui/vscroll.png","top":55,"right":0,"name":"pList","left":0,"bottom":0},"compId":103}]},{"type":"Box","props":{"y":448,"right":0,"left":0,"height":112},"compId":36,"child":[{"type":"Image","props":{"var":"imgDown","top":0,"skin":"Limbo/m/common/ui/img_frame02_01.png","sizeGrid":"20,20,20,20","right":0,"left":0,"bottom":0},"compId":14},{"type":"CheckBox","props":{"x":23,"var":"chkDownStop","skin":"Limbo/m/common/ui/btn_check.png","name":"chkDownStop","centerY":0,"anchorY":0.5},"compId":37},{"type":"Image","props":{"x":106,"var":"imgTxtDown","skin":"Limbo/m/en/ui/img_autoPlay_01.png","name":"imgTxtDown","centerY":-1,"anchorY":0.5},"compId":77,"child":[{"type":"Script","props":{"runtime":"Common.Script.AddLangSpriteScript"},"compId":78}]},{"type":"Image","props":{"width":365,"skin":"Limbo/m/common/ui/img_windowBg_02.png","sizeGrid":"30,38,30,38","right":20,"height":64,"centerY":0,"anchorX":1},"compId":42,"child":[{"type":"Label","props":{"y":26,"x":235,"visible":false,"var":"imgDownSign","text":"$","styleSkin":"Limbo/common/common/ui/img_money_2.png","sizeGrid":"35,16,32,12","name":"imgDownSign","fontSize":30,"color":"#FFFFFF","centerY":0,"anchorY":0.5,"anchorX":0.5},"compId":45},{"type":"Button","props":{"y":26,"var":"btnDownAdd","stateNum":2,"skin":"Limbo/m/common/ui/btn_add.png","right":5,"name":"btnDownAdd","centerY":0,"anchorY":0.5},"compId":43},{"type":"Button","props":{"x":5,"var":"btnDownMin","stateNum":2,"skin":"Limbo/m/common/ui/btn_dec.png","name":"btnDownMin","centerY":0,"anchorY":0.5},"compId":44},{"type":"Label","props":{"y":26,"x":182,"var":"txtNumDown","valign":"middle","text":"0.00","styleSkin":"comp/textinput.png","name":"txtNumDown","fontSize":30,"color":"#FFFFFF","centerY":0,"centerX":0,"anchorY":0.5,"anchorX":0.5,"align":"center"},"compId":72},{"type":"Button","props":{"zOrder":10,"var":"btnNumDown","top":0,"right":60,"name":"btnNumDown","left":60,"bottom":0,"alpha":0},"compId":86}]}]},{"type":"Box","props":{"y":714,"right":0,"left":0,"height":112},"compId":110,"child":[{"type":"Image","props":{"var":"imgUp","top":0,"skin":"Limbo/m/common/ui/img_frame02_01.png","sizeGrid":"20,20,20,20","right":0,"left":0,"bottom":0},"compId":111},{"type":"CheckBox","props":{"y":40,"x":23,"var":"chkUpStop","skin":"Limbo/m/common/ui/btn_check.png","name":"chkUpStop","centerY":0,"anchorY":0.5},"compId":112},{"type":"Image","props":{"x":106,"var":"imgTxtUp","skin":"Limbo/m/en/ui/img_autoPlay_03.png","name":"imgTxtUp","centerY":2,"anchorY":0.5},"compId":113,"child":[{"type":"Script","props":{"runtime":"Common.Script.AddLangSpriteScript"},"compId":114}]},{"type":"Image","props":{"width":365,"skin":"Limbo/m/common/ui/img_windowBg_02.png","sizeGrid":"30,38,30,38","right":20,"height":64,"centerY":0},"compId":115,"child":[{"type":"Label","props":{"y":26,"x":235,"visible":false,"var":"imgUpSign","text":"$","styleSkin":"Limbo/common/common/ui/img_money_2.png","sizeGrid":"35,16,32,12","name":"imgUpSign","fontSize":30,"color":"#FFFFFF","centerY":0,"anchorY":0.5,"anchorX":0.5},"compId":116},{"type":"Button","props":{"y":26,"var":"btnUpAdd","stateNum":2,"skin":"Limbo/m/common/ui/btn_add.png","right":5,"name":"btnUpAdd","centerY":0,"anchorY":0.5},"compId":117},{"type":"Button","props":{"x":5,"var":"btnUpMin","stateNum":2,"skin":"Limbo/m/common/ui/btn_dec.png","name":"btnUpMin","centerY":0,"anchorY":0.5},"compId":118},{"type":"Label","props":{"var":"txtNumUp","valign":"middle","text":"0.00","styleSkin":"comp/textinput.png","name":"txtNumUp","fontSize":30,"color":"#FFFFFF","centerY":0,"centerX":0,"anchorY":0.5,"anchorX":0.5,"align":"center"},"compId":119},{"type":"Button","props":{"zOrder":10,"var":"btnNumUp","top":0,"right":60,"name":"btnNumUp","left":60,"bottom":0,"alpha":0},"compId":120}]}]},{"type":"Box","props":{"y":581,"right":0,"left":0,"height":112},"compId":121,"child":[{"type":"Image","props":{"var":"imgSigle","top":0,"skin":"Limbo/m/common/ui/img_frame02_01.png","sizeGrid":"20,20,20,20","right":0,"left":0,"bottom":0},"compId":122},{"type":"CheckBox","props":{"y":40,"x":23,"var":"chkSigleStop","skin":"Limbo/m/common/ui/btn_check.png","name":"chkSigleStop","centerY":0,"anchorY":0.5},"compId":123},{"type":"Image","props":{"x":106,"var":"imgTxtSigle","skin":"Limbo/m/en/ui/img_autoPlay_02.png","name":"imgTxtSigle","centerY":0,"anchorY":0.5},"compId":124,"child":[{"type":"Script","props":{"runtime":"Common.Script.AddLangSpriteScript"},"compId":125}]},{"type":"Image","props":{"width":365,"skin":"Limbo/m/common/ui/img_windowBg_02.png","sizeGrid":"30,38,30,38","right":20,"height":64,"centerY":0},"compId":126,"child":[{"type":"Label","props":{"y":26,"x":235,"visible":false,"var":"imgSigleSign","text":"$","styleSkin":"Limbo/common/common/ui/img_money_2.png","sizeGrid":"35,16,32,12","name":"imgSigleSign","fontSize":30,"color":"#FFFFFF","centerY":0,"anchorY":0.5,"anchorX":0.5},"compId":127},{"type":"Button","props":{"y":26,"var":"btnSigleAdd","stateNum":2,"skin":"Limbo/m/common/ui/btn_add.png","right":5,"name":"btnSigleAdd","centerY":0,"anchorY":0.5},"compId":128},{"type":"Button","props":{"x":5,"var":"btnSigleMin","stateNum":2,"skin":"Limbo/m/common/ui/btn_dec.png","name":"btnSigleMin","centerY":0,"anchorY":0.5},"compId":129},{"type":"Label","props":{"y":26,"x":182,"var":"txtNumSigle","valign":"middle","text":"0.00","styleSkin":"comp/textinput.png","name":"txtNumSigle","fontSize":30,"color":"#FFFFFF","centerY":0,"centerX":0,"anchorY":0.5,"anchorX":0.5,"align":"center"},"compId":130},{"type":"Button","props":{"zOrder":10,"var":"btnNumSigle","top":0,"right":60,"name":"btnNumSigle","left":60,"bottom":0,"alpha":0},"compId":131}]}]},{"type":"Button","props":{"y":935,"x":415,"var":"btnStart","stateNum":2,"skin":"Limbo/m/en/ui/btn_startAuto_0.png","sizeGrid":"27,42,43,38","runtime":"Common.UI.DolButton","name":"btnStart","labelSize":20,"labelPadding":"-3","labelFont":"Microsoft YaHei","centerX":8,"anchorY":0.5,"anchorX":0.5},"compId":65,"child":[{"type":"Script","props":{"y":42,"x":341,"runtime":"Common.Script.AddLangSpriteScript"},"compId":92},{"type":"Script","props":{"disabledSkin":"Limbo/m/en/ui/btn_startAuto_03.png","runtime":"Common.Script.AddDolButtonScript"},"compId":255}]}]},{"type":"Button","props":{"width":900,"visible":false,"var":"btnHide","skin":"Limbo/m/common/ui/input.png","name":"btnHide","height":1900,"centerY":0,"centerX":0},"compId":170}]},{"type":"Box","props":{"y":525,"x":254,"width":590,"visible":false,"var":"imgKeyboard","styleSkin":"Limbo/m/common/ui/img_enterBg2.png","sizeGrid":"47,56,71,53","name":"imgKeyboard","height":465},"compId":227,"child":[{"type":"Image","props":{"top":10,"skin":"Limbo/m/common/ui/img_keyboard_Bg.png","sizeGrid":"20,20,20,20","right":30,"left":30,"bottom":45},"compId":228},{"type":"Button","props":{"y":62,"var":"btnNum1","stateNum":2,"skin":"Limbo/m/common/ui/btn_enter_2.png","name":"btnNum1","left":40,"anchorY":0.5,"anchorX":0.5},"compId":229,"child":[{"type":"Image","props":{"skin":"Limbo/m/common/ui/img_k1.png","centerY":0,"centerX":0,"anchorY":0.5,"anchorX":0.5},"compId":230}]},{"type":"Button","props":{"y":62,"x":296,"var":"btnNum2","stateNum":2,"skin":"Limbo/m/common/ui/btn_enter_2.png","name":"btnNum2","anchorY":0.5,"anchorX":0.5},"compId":231,"child":[{"type":"Image","props":{"skin":"Limbo/m/common/ui/img_k2.png","centerY":0,"centerX":0,"anchorY":0.5,"anchorX":0.5},"compId":232}]},{"type":"Button","props":{"y":62,"width":168,"var":"btnNum3","stateNum":2,"skin":"Limbo/m/common/ui/btn_enter_2.png","right":40,"name":"btnNum3","height":78,"anchorY":0.5,"anchorX":0.5},"compId":233,"child":[{"type":"Image","props":{"skin":"Limbo/m/common/ui/img_k3.png","centerY":0,"centerX":0,"anchorY":0.5,"anchorX":0.5},"compId":234}]},{"type":"Button","props":{"y":146,"var":"btnNum4","stateNum":2,"skin":"Limbo/m/common/ui/btn_enter_2.png","name":"btnNum4","left":40,"anchorY":0.5,"anchorX":0.5},"compId":235,"child":[{"type":"Image","props":{"skin":"Limbo/m/common/ui/img_k4.png","centerY":0,"centerX":0,"anchorY":0.5,"anchorX":0.5},"compId":236}]},{"type":"Button","props":{"y":146,"var":"btnNum5","stateNum":2,"skin":"Limbo/m/common/ui/btn_enter_2.png","name":"btnNum5","centerX":0,"anchorY":0.5,"anchorX":0.5},"compId":237,"child":[{"type":"Image","props":{"skin":"Limbo/m/common/ui/img_k5.png","centerY":0,"centerX":0,"anchorY":0.5,"anchorX":0.5},"compId":238}]},{"type":"Button","props":{"y":146,"var":"btnNum6","stateNum":2,"skin":"Limbo/m/common/ui/btn_enter_2.png","right":40,"name":"btnNum6","anchorY":0.5,"anchorX":0.5},"compId":239,"child":[{"type":"Image","props":{"skin":"Limbo/m/common/ui/img_k6.png","centerY":0,"centerX":0,"anchorY":0.5,"anchorX":0.5},"compId":240}]},{"type":"Button","props":{"y":230,"var":"btnNum7","stateNum":2,"skin":"Limbo/m/common/ui/btn_enter_2.png","name":"btnNum7","left":40,"anchorY":0.5,"anchorX":0.5},"compId":241,"child":[{"type":"Image","props":{"skin":"Limbo/m/common/ui/img_k7.png","centerY":0,"centerX":0,"anchorY":0.5,"anchorX":0.5},"compId":242}]},{"type":"Button","props":{"y":230,"var":"btnNum8","stateNum":2,"skin":"Limbo/m/common/ui/btn_enter_2.png","name":"btnNum8","centerX":0,"anchorY":0.5,"anchorX":0.5},"compId":243,"child":[{"type":"Image","props":{"skin":"Limbo/m/common/ui/img_k8.png","centerY":0,"centerX":0,"anchorY":0.5,"anchorX":0.5},"compId":244}]},{"type":"Button","props":{"y":230,"var":"btnNum9","stateNum":2,"skin":"Limbo/m/common/ui/btn_enter_2.png","right":40,"name":"btnNum9","anchorY":0.5},"compId":245,"child":[{"type":"Image","props":{"skin":"Limbo/m/common/ui/img_k9.png","centerY":0,"centerX":0,"anchorY":0.5,"anchorX":0.5},"compId":246}]},{"type":"Button","props":{"y":274,"var":"btnNumDot","stateNum":2,"skin":"Limbo/m/common/ui/btn_enter_2.png","name":"btnNumDot","left":40},"compId":247,"child":[{"type":"Image","props":{"skin":"Limbo/m/common/ui/img_kDot.png","centerY":0,"centerX":0,"anchorY":0.5,"anchorX":0.5},"compId":248}]},{"type":"Button","props":{"y":274,"var":"btnNum0","stateNum":2,"skin":"Limbo/m/common/ui/btn_enter_2.png","name":"btnNum0","centerX":0},"compId":249,"child":[{"type":"Image","props":{"skin":"Limbo/m/common/ui/img_k0.png","centerY":0,"centerX":0,"anchorY":0.5,"anchorX":0.5},"compId":250}]},{"type":"Button","props":{"y":274,"var":"btnDel","stateNum":2,"skin":"Limbo/m/common/ui/btn_enter_2.png","right":40,"name":"btnDel"},"compId":251,"child":[{"type":"Image","props":{"skin":"Limbo/m/common/ui/btn_enterDelete.png","centerY":0,"centerX":0,"anchorY":0.5,"anchorX":0.5},"compId":252}]},{"type":"Button","props":{"var":"btnOK","stateNum":1,"skin":"Limbo/m/common/ui/btn_enterOk_button2.png","sizeGrid":"21,20,21,20","right":40,"name":"btnOK","left":40,"bottom":56,"anchorY":0.5,"anchorX":0.5},"compId":253,"child":[{"type":"Image","props":{"skin":"Limbo/m/common/ui/btn_enterOk.png","centerY":0,"centerX":0},"compId":254}]}]}],"loadList":["Limbo/m/common/ui/img_windowBg.png","Limbo/m/common/ui/img_frameLine_03.png","Limbo/m/en/ui/img_title_autoPlay.png","Limbo/m/common/ui/btn_close.png","Limbo/m/common/ui/bg_frame_4.png","Limbo/m/en/ui/img_autoPlay_num.png","Limbo/m/common/ui/vscroll.png","Limbo/m/common/ui/img_frame02_01.png","Limbo/m/common/ui/btn_check.png","Limbo/m/en/ui/img_autoPlay_01.png","Limbo/m/common/ui/img_windowBg_02.png","Limbo/common/common/ui/img_money_2.png","Limbo/m/common/ui/btn_add.png","Limbo/m/common/ui/btn_dec.png","comp/textinput.png","Limbo/m/en/ui/img_autoPlay_03.png","Limbo/m/en/ui/img_autoPlay_02.png","Limbo/m/en/ui/btn_startAuto_0.png","Limbo/m/en/ui/btn_startAuto_03.png","Limbo/m/common/ui/input.png","Limbo/m/common/ui/img_enterBg2.png","Limbo/m/common/ui/img_keyboard_Bg.png","Limbo/m/common/ui/btn_enter_2.png","Limbo/m/common/ui/img_k1.png","Limbo/m/common/ui/img_k2.png","Limbo/m/common/ui/img_k3.png","Limbo/m/common/ui/img_k4.png","Limbo/m/common/ui/img_k5.png","Limbo/m/common/ui/img_k6.png","Limbo/m/common/ui/img_k7.png","Limbo/m/common/ui/img_k8.png","Limbo/m/common/ui/img_k9.png","Limbo/m/common/ui/img_kDot.png","Limbo/m/common/ui/img_k0.png","Limbo/m/common/ui/btn_enterDelete.png","Limbo/m/common/ui/btn_enterOk_button2.png","Limbo/m/common/ui/btn_enterOk.png"],"loadList3D":[]}