{"type":"View","props":{"width":860,"runtime":"BaseFSG.Base.View.BetViewCell2","height":75},"compId":2,"child":[{"type":"Image","props":{"y":0,"x":0,"width":860,"var":"imgBG","skin":"Limbo/m/common/ui/img_frame_05.png","sizeGrid":"26,14,26,14","name":"imgBG","height":75},"compId":3,"child":[{"type":"Label","props":{"x":130,"var":"lbDate","valign":"middle","text":"2023-11-12 14:45:43","name":"lbDate","fontSize":24,"color":"#ffffff","centerY":0,"anchorY":0.5,"anchorX":0.5,"align":"left"},"compId":6},{"type":"Label","props":{"x":405,"width":150,"var":"lbBM","valign":"middle","text":"100000.00","name":"lbBM","fontSize":32,"color":"#ffffff","centerY":0,"anchorY":0.5,"anchorX":1,"align":"right"},"compId":8},{"type":"Label","props":{"x":606,"var":"lbRM","valign":"middle","text":"10000000.00","name":"lbRM","fontSize":32,"color":"#ffffff","centerY":0,"anchorY":0.5,"anchorX":1,"align":"right"},"compId":13},{"type":"Image","props":{"y":37.5,"visible":true,"var":"imgShield","skin":"Limbo/m/common/ui/btn_iconInspect.png","right":40,"anchorY":0.5,"anchorX":1},"compId":14},{"type":"Label","props":{"x":752,"var":"lsGS","valign":"middle","text":"970.00x","name":"lsGS","fontSize":32,"color":"#ffffff","centerY":0,"anchorY":0.5,"anchorX":1,"align":"right"},"compId":20}]},{"type":"Button","props":{"y":0,"x":0,"width":880,"visible":true,"var":"btnCheckFair","stateNum":1,"skin":"Limbo/m/common/ui/input.png","name":"btnCheckFair","height":75,"anchorY":0,"anchorX":0},"compId":16}],"loadList":["Limbo/m/common/ui/img_frame_05.png","Limbo/m/common/ui/btn_iconInspect.png","Limbo/m/common/ui/input.png"],"loadList3D":[]}