{"type":"View","props":{"width":900,"runtime":"BaseFSG.Base.View.GreenDetailed","height":1900},"compId":2,"child":[{"type":"Sprite","props":{"y":0,"x":0,"width":900,"var":"sp","name":"sp","height":1900},"compId":3,"child":[{"type":"Script","props":{"maskTouchEvent":true,"maskColor":"#00000055","hasMask":true,"clickCloseParent":true,"runtime":"Common.Script.AddSpriteDrawRectScript"},"compId":4}]},{"type":"Box","props":{"y":950,"x":450,"width":900,"var":"box","name":"box","height":1900,"anchorY":0.5,"anchorX":0.5},"compId":5,"child":[{"type":"Image","props":{"y":950,"x":450,"width":900,"var":"imgBG","skin":"Limbo/m/common/ui/img_windowBg.png","sizeGrid":"30,30,30,30","name":"imgBG","height":1900,"anchorY":0.5,"anchorX":0.5},"compId":6},{"type":"Image","props":{"y":72,"x":450,"width":900,"var":"imgLine","skin":"Limbo/m/common/ui/img_frameLine_03.png","name":"imgLine","anchorX":0.5},"compId":7},{"type":"Image","props":{"y":36,"x":30,"var":"imgTitle","skin":"Limbo/m/en/ui/img_title_gameRules.png","name":"imgTitle","anchorY":0.5,"anchorX":0},"compId":38,"child":[{"type":"Script","props":{"runtime":"Common.Script.AddLangSpriteScript"},"compId":39}]},{"type":"Sprite","props":{"y":100,"x":30,"width":840,"vScrollBarSkin":"Limbo/common/common/ui/vscroll.png","left":30,"height":1750},"compId":9}]},{"type":"Button","props":{"y":36,"x":820,"var":"btnClose","stateNum":1,"skin":"Limbo/m/common/ui/btn_close.png","name":"btnClose","anchorY":0.5},"compId":8}],"loadList":["Limbo/m/common/ui/img_windowBg.png","Limbo/m/common/ui/img_frameLine_03.png","Limbo/m/en/ui/img_title_gameRules.png","Limbo/common/common/ui/vscroll.png","Limbo/m/common/ui/btn_close.png"],"loadList3D":[]}