{"type":"View","props":{"width":900,"runtime":"Limbo.View.LimboMyBetViewCell","height":1900},"compId":2,"child":[{"type":"Box","props":{"y":500,"x":450,"var":"pBox","right":20,"name":"pBox","left":20,"height":440,"anchorX":0.5},"compId":163,"child":[{"type":"ImageNumber","props":{"y":80,"x":420,"var":"lbResult","scaleY":1,"scaleX":1,"offsetType":"imgWithFixed","offset":3,"name":"lbResult","anchorY":0.5,"anchorX":0.5,"align":"middle","runtime":"Common.UI.ImageNumber"},"compId":216},{"type":"Sprite","props":{"y":800,"x":420,"var":"sk","runtime":"Common.UI.DolSkeleton","name":"sk"},"compId":410,"child":[{"type":"Script","props":{"skin":"Limbo/m/common/spine/huojian.sk","defaultName":"idle","autoPlayLoop":false,"runtime":"Common.Script.AddSkeletonScript"},"compId":411}]}]},{"type":"Box","props":{"zOrder":-1,"y":1,"x":0,"width":900,"visible":true,"var":"imgK","styleSkin":"Limbo/common/common/ui/img_bet3.png","sizeGrid":"20,29,22,27","name":"imgK","height":1900},"compId":160},{"type":"Box","props":{"y":1480,"var":"spBottom3","right":5,"name":"spBottom3","left":5,"height":340},"compId":161,"child":[{"type":"Image","props":{"var":"imgBottom","top":0,"skin":"Limbo/m/common/ui/img_frame02.png","sizeGrid":"25,30,25,30","right":10,"name":"imgBottom","left":10,"bottom":5},"compId":171},{"type":"Button","props":{"y":180,"x":98,"var":"btnAuto","stateNum":2,"skin":"Limbo/m/common/ui/btn_s01_0.png","runtime":"Common.UI.DolButton","name":"btnAuto","labelSize":10,"labelColors":"ffffff","labelAlign":"center"},"compId":172,"child":[{"type":"Script","props":{"disabledSkin":"Limbo/m/common/ui/btn_s01_03.png","runtime":"Common.Script.AddDolButtonScript"},"compId":414}]},{"type":"Box","props":{"y":37,"width":700,"var":"imgBetBG","sizeGrid":"56,60,56,60","scaleY":1,"scaleX":1,"name":"imgBetBG","height":115,"centerX":0,"anchorX":0.5},"compId":173,"child":[{"type":"Image","props":{"var":"imgBetBG2","top":0,"skin":"Limbo/m/common/ui/img_bet01_01.png","sizeGrid":"56,65,56,65","right":0,"name":"imgBetBG2","left":0},"compId":174},{"type":"Image","props":{"y":48,"x":204,"width":325,"var":"imgBetK","skin":"Limbo/m/common/ui/img_bet01_02.png","sizeGrid":"19,22,19,22","name":"imgBetK","height":51,"anchorX":0.5},"compId":175,"child":[{"type":"Image","props":{"var":"imgBetSelect","top":-1,"skin":"Limbo/m/common/ui/img_bet02.png","sizeGrid":"25,25,25,25","right":0,"name":"imgBetSelect","left":0,"bottom":0},"compId":328},{"type":"Label","props":{"var":"lblBet","valign":"middle","text":"0","name":"lblBet","height":30,"fontSize":32,"color":"#ffffff","centerY":1,"centerX":0,"anchorY":0.5,"anchorX":0.5},"compId":176},{"type":"Button","props":{"var":"btnKeyBoard","top":0,"skin":"Limbo/m/common/ui/input.png","right":0,"name":"btnKeyBoard","left":0,"bottom":0},"compId":177}]},{"type":"Image","props":{"y":18,"x":204,"var":"imgUSD","skin":"Limbo/m/en/ui/img_betUsd.png","name":"imgUSD","anchorX":0.5},"compId":178,"child":[{"type":"Script","props":{"runtime":"Common.Script.AddLangSpriteScript"},"compId":179}]},{"type":"Button","props":{"y":56,"x":398,"var":"btnDec","stateNum":2,"skin":"Limbo/m/common/ui/btn_betDec_0.png","runtime":"Common.UI.DolButton","name":"btnDec","anchorY":0.5},"compId":180,"child":[{"type":"Script","props":{"y":0,"x":0,"disabledSkin":"Limbo/m/common/ui/btn_betDec_03.png","runtime":"Common.Script.AddDolButtonScript"},"compId":308}]},{"type":"Button","props":{"y":56,"x":681,"var":"btnAdd","stateNum":2,"skin":"Limbo/m/common/ui/btn_betAdd_0.png","runtime":"Common.UI.DolButton","name":"btnAdd","anchorY":0.5,"anchorX":1},"compId":181,"child":[{"type":"Script","props":{"y":0,"x":0,"disabledSkin":"Limbo/m/common/ui/btn_betAdd_03.png","runtime":"Common.Script.AddDolButtonScript"},"compId":309}]},{"type":"Button","props":{"y":57,"x":584,"var":"btnBetCoin","stateNum":2,"skin":"Limbo/m/common/ui/btn_betCoin_0.png","runtime":"Common.UI.DolButton","name":"btnBetCoin","anchorY":0.5,"anchorX":1},"compId":182,"child":[{"type":"Script","props":{"y":0,"x":0,"disabledSkin":"Limbo/m/common/ui/btn_betCoin_03.png","runtime":"Common.Script.AddDolButtonScript"},"compId":310}]}]},{"type":"Box","props":{"y":-80,"x":445,"var":"bMul","name":"bMul","height":60,"centerX":0,"anchorX":0.5},"compId":400,"child":[{"type":"Image","props":{"y":3,"width":500,"var":"bgMul","skin":"Limbo/m/common/ui/img_targetBg.png","sizeGrid":"0,20,0,20","name":"bgMul","height":60,"centerX":0},"compId":401},{"type":"Image","props":{"width":240,"var":"imgMul","skin":"Limbo/m/common/ui/img_bet01_02.png","sizeGrid":"19,22,19,22","name":"imgMul","height":51,"centerY":2,"centerX":0,"anchorX":0.5},"compId":402,"child":[{"type":"Image","props":{"var":"imgMulSelect","top":0,"skin":"Limbo/m/common/ui/img_bet02.png","sizeGrid":"19,35,19,35","right":0,"name":"imgMulSelect","left":0},"compId":403},{"type":"Label","props":{"var":"lblMul","valign":"middle","text":"0","name":"lblMul","height":30,"fontSize":34,"color":"#ffffff","centerY":0,"centerX":0,"anchorY":0.5,"anchorX":0.5},"compId":404},{"type":"Button","props":{"var":"btnMulKeyBoard","top":0,"skin":"Limbo/m/common/ui/input.png","right":0,"name":"btnMulKeyBoard","left":0,"bottom":0},"compId":405}]},{"type":"Button","props":{"x":55,"var":"btnDec2","stateNum":2,"skin":"Limbo/m/common/ui/btn_betDec_0.png","scaleY":0.7,"scaleX":0.7,"runtime":"Common.UI.DolButton","name":"btnDec2","centerY":1,"anchorY":0.5},"compId":406,"child":[{"type":"Script","props":{"disabledSkin":"Limbo/m/common/ui/btn_betDec_03.png","runtime":"Common.Script.AddDolButtonScript"},"compId":407}]},{"type":"Button","props":{"x":555,"var":"btnAdd2","stateNum":2,"skin":"Limbo/m/common/ui/btn_betAdd_0.png","scaleY":0.7,"scaleX":0.7,"runtime":"Common.UI.DolButton","name":"btnAdd2","centerY":3,"anchorY":0.5,"anchorX":1},"compId":408,"child":[{"type":"Script","props":{"y":0,"x":0,"disabledSkin":"Limbo/m/common/ui/btn_betAdd_03.png","runtime":"Common.Script.AddDolButtonScript"},"compId":409}]}]}]},{"type":"Button","props":{"y":1,"x":0,"width":900,"var":"btnClose","skin":"Limbo/m/common/ui/input.png","name":"btnClose","height":1900},"compId":164},{"type":"Image","props":{"y":794,"x":105,"width":690,"var":"imgQuickBetMoney","skin":"Limbo/m/common/ui/img_betUsdbg.png","sizeGrid":"25,24,25,24","name":"imgQuickBetMoney","height":720},"compId":230,"child":[{"type":"Image","props":{"y":26,"skin":"Limbo/m/en/ui/img_betUsd.png","centerX":0,"anchorY":0.5},"compId":231,"child":[{"type":"Script","props":{"runtime":"Common.Script.AddLangSpriteScript"},"compId":232}]},{"type":"Panel","props":{"var":"pQuickBetMoney","vScrollBarSkin":"Limbo/m/common/ui/vscroll.png","top":52,"right":30,"name":"pQuickBetMoney","left":30,"bottom":30},"compId":233}]},{"type":"Box","props":{"y":1113,"x":36,"width":539,"var":"imgBetMoneyKeyboard","styleSkin":"Limbo/m/common/ui/img_enterBg.png","sizeGrid":"36,35,35,36","name":"imgBetMoneyKeyboard","height":415,"anchorY":0,"anchorX":0},"compId":234,"child":[{"type":"Image","props":{"top":0,"skin":"Limbo/m/common/ui/img_enterBg.png","sizeGrid":"35,35,35,35","right":0,"left":0,"bottom":0},"compId":349},{"type":"Button","props":{"y":50,"var":"btnNum1","stateNum":2,"skin":"Limbo/m/common/ui/btn_enter_0.png","name":"btnNum1","left":10,"anchorY":0.5,"anchorX":0},"compId":235,"child":[{"type":"Image","props":{"skin":"Limbo/m/common/ui/img_k1.png","centerY":0,"centerX":0,"anchorY":0.5,"anchorX":0.5},"compId":236}]},{"type":"Button","props":{"y":50,"var":"btnNum2","stateNum":2,"skin":"Limbo/m/common/ui/btn_enter_0.png","name":"btnNum2","centerX":-2,"anchorY":0.5,"anchorX":0.5},"compId":237,"child":[{"type":"Image","props":{"y":0,"x":0,"skin":"Limbo/m/common/ui/img_k2.png","centerY":0,"centerX":0,"anchorY":0.5,"anchorX":0.5},"compId":350}]},{"type":"Button","props":{"y":50,"var":"btnNum3","stateNum":2,"skin":"Limbo/m/common/ui/btn_enter_0.png","right":13,"name":"btnNum3","anchorY":0.5,"anchorX":0.5},"compId":239,"child":[{"type":"Image","props":{"y":0,"x":0,"skin":"Limbo/m/common/ui/img_k3.png","centerY":0,"centerX":0,"anchorY":0.5,"anchorX":0.5},"compId":351}]},{"type":"Button","props":{"y":133,"var":"btnNum4","stateNum":2,"skin":"Limbo/m/common/ui/btn_enter_0.png","name":"btnNum4","left":10,"anchorY":0.5,"anchorX":0.5},"compId":241,"child":[{"type":"Image","props":{"y":0,"x":0,"skin":"Limbo/m/common/ui/img_k4.png","centerY":0,"centerX":0,"anchorY":0.5,"anchorX":0.5},"compId":352}]},{"type":"Button","props":{"y":133,"var":"btnNum5","stateNum":2,"skin":"Limbo/m/common/ui/btn_enter_0.png","name":"btnNum5","centerX":-3,"anchorY":0.5,"anchorX":0.5},"compId":243,"child":[{"type":"Image","props":{"y":0,"x":0,"skin":"Limbo/m/common/ui/img_k5.png","centerY":0,"centerX":0,"anchorY":0.5,"anchorX":0.5},"compId":353}]},{"type":"Button","props":{"y":133,"var":"btnNum6","stateNum":2,"skin":"Limbo/m/common/ui/btn_enter_0.png","right":13,"name":"btnNum6","anchorY":0.5,"anchorX":0.5},"compId":245,"child":[{"type":"Image","props":{"y":0,"x":0,"skin":"Limbo/m/common/ui/img_k6.png","centerY":0,"centerX":0,"anchorY":0.5,"anchorX":0.5},"compId":354}]},{"type":"Button","props":{"y":217,"var":"btnNum7","stateNum":2,"skin":"Limbo/m/common/ui/btn_enter_0.png","name":"btnNum7","left":10,"anchorY":0.5,"anchorX":0.5},"compId":247,"child":[{"type":"Image","props":{"y":0,"x":0,"skin":"Limbo/m/common/ui/img_k7.png","centerY":0,"centerX":0,"anchorY":0.5,"anchorX":0.5},"compId":355}]},{"type":"Button","props":{"y":217,"var":"btnNum8","stateNum":2,"skin":"Limbo/m/common/ui/btn_enter_0.png","name":"btnNum8","centerX":-2,"anchorY":0.5,"anchorX":0.5},"compId":249,"child":[{"type":"Image","props":{"y":0,"x":0,"skin":"Limbo/m/common/ui/img_k8.png","centerY":0,"centerX":0,"anchorY":0.5,"anchorX":0.5},"compId":356}]},{"type":"Button","props":{"y":217,"var":"btnNum9","stateNum":2,"skin":"Limbo/m/common/ui/btn_enter_0.png","right":13,"name":"btnNum9","anchorY":0.5,"anchorX":0.5},"compId":251,"child":[{"type":"Image","props":{"y":0,"x":0,"skin":"Limbo/m/common/ui/img_k9.png","centerY":0,"centerX":0,"anchorY":0.5,"anchorX":0.5},"compId":357}]},{"type":"Button","props":{"y":300,"var":"btnNumDot","stateNum":2,"skin":"Limbo/m/common/ui/btn_enter_0.png","runtime":"Common.UI.DolButton","name":"btnNumDot","left":10,"anchorY":0.5,"anchorX":0.5},"compId":253,"child":[{"type":"Image","props":{"y":0,"x":0,"skin":"Limbo/m/common/ui/img_kDot.png","centerY":0,"centerX":0,"anchorY":0.5,"anchorX":0.5},"compId":358},{"type":"Script","props":{"disabledAlpha":0.7,"runtime":"Common.Script.AddDolButtonScript"},"compId":389}]},{"type":"Button","props":{"y":300,"var":"btnNum0","stateNum":2,"skin":"Limbo/m/common/ui/btn_enter_0.png","name":"btnNum0","centerX":-2,"anchorY":0.5,"anchorX":0.5},"compId":255,"child":[{"type":"Image","props":{"skin":"Limbo/m/common/ui/img_k0.png","centerY":0,"centerX":0,"anchorY":0.5,"anchorX":0.5},"compId":359}]},{"type":"Button","props":{"y":300,"var":"btnDel","stateNum":2,"skin":"Limbo/m/common/ui/btn_enter_0.png","right":13,"name":"btnDel","anchorY":0.5,"anchorX":0.5},"compId":257,"child":[{"type":"Image","props":{"skin":"Limbo/m/common/ui/btn_enterDelete.png","centerY":0,"centerX":0,"anchorY":0.5,"anchorX":0.5},"compId":258}]},{"type":"Button","props":{"var":"btnOK","stateNum":1,"skin":"Limbo/m/common/ui/btn_enterOk_button.png","sizeGrid":"21,20,21,20","right":13,"name":"btnOK","left":10,"bottom":10,"anchorY":0.5,"anchorX":0.5},"compId":259,"child":[{"type":"Image","props":{"skin":"Limbo/m/common/ui/btn_enterOk.png","centerY":0,"centerX":0,"anchorY":0.5,"anchorX":0.5},"compId":260}]}]},{"type":"Box","props":{"y":985,"x":450,"width":539,"var":"imgMulKeyboard","styleSkin":"Limbo/m/common/ui/img_enterBg.png","sizeGrid":"36,35,35,36","rotation":0,"name":"imgMulKeyboard","height":415,"anchorY":0,"anchorX":0.5},"compId":360,"child":[{"type":"Image","props":{"top":-50,"skin":"Limbo/m/common/ui/img_enterBg.png","sizeGrid":"35,35,35,35","right":0,"left":0,"bottom":0},"compId":361},{"type":"Button","props":{"y":50,"var":"btnNum01","stateNum":2,"skin":"Limbo/m/common/ui/btn_enter_0.png","name":"btnNum01","left":10,"anchorY":0.5,"anchorX":0},"compId":362,"child":[{"type":"Image","props":{"skin":"Limbo/m/common/ui/img_k1.png","centerY":0,"centerX":0,"anchorY":0.5,"anchorX":0.5},"compId":363}]},{"type":"Button","props":{"y":50,"var":"btnNum02","stateNum":2,"skin":"Limbo/m/common/ui/btn_enter_0.png","name":"btnNum02","centerX":-2,"anchorY":0.5,"anchorX":0.5},"compId":364,"child":[{"type":"Image","props":{"y":0,"x":0,"skin":"Limbo/m/common/ui/img_k2.png","centerY":0,"centerX":0,"anchorY":0.5,"anchorX":0.5},"compId":365}]},{"type":"Button","props":{"y":50,"var":"btnNum03","stateNum":2,"skin":"Limbo/m/common/ui/btn_enter_0.png","right":13,"name":"btnNum03","anchorY":0.5,"anchorX":0.5},"compId":366,"child":[{"type":"Image","props":{"y":0,"x":0,"skin":"Limbo/m/common/ui/img_k3.png","centerY":0,"centerX":0,"anchorY":0.5,"anchorX":0.5},"compId":367}]},{"type":"Button","props":{"y":133,"var":"btnNum04","stateNum":2,"skin":"Limbo/m/common/ui/btn_enter_0.png","name":"btnNum04","left":10,"anchorY":0.5,"anchorX":0.5},"compId":368,"child":[{"type":"Image","props":{"y":0,"x":0,"skin":"Limbo/m/common/ui/img_k4.png","centerY":0,"centerX":0,"anchorY":0.5,"anchorX":0.5},"compId":369}]},{"type":"Button","props":{"y":133,"var":"btnNum05","stateNum":2,"skin":"Limbo/m/common/ui/btn_enter_0.png","name":"btnNum05","centerX":-3,"anchorY":0.5,"anchorX":0.5},"compId":370,"child":[{"type":"Image","props":{"y":0,"x":0,"skin":"Limbo/m/common/ui/img_k5.png","centerY":0,"centerX":0,"anchorY":0.5,"anchorX":0.5},"compId":371}]},{"type":"Button","props":{"y":133,"var":"btnNum06","stateNum":2,"skin":"Limbo/m/common/ui/btn_enter_0.png","right":13,"name":"btnNum06","anchorY":0.5,"anchorX":0.5},"compId":372,"child":[{"type":"Image","props":{"y":0,"x":0,"skin":"Limbo/m/common/ui/img_k6.png","centerY":0,"centerX":0,"anchorY":0.5,"anchorX":0.5},"compId":373}]},{"type":"Button","props":{"y":217,"var":"btnNum07","stateNum":2,"skin":"Limbo/m/common/ui/btn_enter_0.png","name":"btnNum07","left":10,"anchorY":0.5,"anchorX":0.5},"compId":374,"child":[{"type":"Image","props":{"y":0,"x":0,"skin":"Limbo/m/common/ui/img_k7.png","centerY":0,"centerX":0,"anchorY":0.5,"anchorX":0.5},"compId":375}]},{"type":"Button","props":{"y":217,"var":"btnNum08","stateNum":2,"skin":"Limbo/m/common/ui/btn_enter_0.png","name":"btnNum08","centerX":-2,"anchorY":0.5,"anchorX":0.5},"compId":376,"child":[{"type":"Image","props":{"y":0,"x":0,"skin":"Limbo/m/common/ui/img_k8.png","centerY":0,"centerX":0,"anchorY":0.5,"anchorX":0.5},"compId":377}]},{"type":"Button","props":{"y":217,"var":"btnNum09","stateNum":2,"skin":"Limbo/m/common/ui/btn_enter_0.png","right":13,"name":"btnNum09","anchorY":0.5,"anchorX":0.5},"compId":378,"child":[{"type":"Image","props":{"y":0,"x":0,"skin":"Limbo/m/common/ui/img_k9.png","centerY":0,"centerX":0,"anchorY":0.5,"anchorX":0.5},"compId":379}]},{"type":"Button","props":{"y":300,"var":"btnNum0Dot","stateNum":2,"skin":"Limbo/m/common/ui/btn_enter_0.png","name":"btnNum0Dot","left":10,"anchorY":0.5,"anchorX":0.5},"compId":380,"child":[{"type":"Image","props":{"y":0,"x":0,"skin":"Limbo/m/common/ui/img_kDot.png","centerY":0,"centerX":0,"anchorY":0.5,"anchorX":0.5},"compId":381}]},{"type":"Button","props":{"y":300,"var":"btnNum00","stateNum":2,"skin":"Limbo/m/common/ui/btn_enter_0.png","name":"btnNum00","centerX":-2,"anchorY":0.5,"anchorX":0.5},"compId":382,"child":[{"type":"Image","props":{"skin":"Limbo/m/common/ui/img_k0.png","centerY":0,"centerX":0,"anchorY":0.5,"anchorX":0.5},"compId":383}]},{"type":"Button","props":{"y":300,"var":"btn0Del","stateNum":2,"skin":"Limbo/m/common/ui/btn_enter_0.png","right":13,"name":"btn0Del","anchorY":0.5,"anchorX":0.5},"compId":384,"child":[{"type":"Image","props":{"skin":"Limbo/m/common/ui/btn_enterDelete.png","centerY":0,"centerX":0,"anchorY":0.5,"anchorX":0.5},"compId":385}]},{"type":"Button","props":{"var":"btn0OK","stateNum":1,"skin":"Limbo/m/common/ui/btn_enterOk_button.png","sizeGrid":"21,20,21,20","right":13,"name":"btn0OK","left":10,"bottom":10,"anchorY":0.5,"anchorX":0.5},"compId":386,"child":[{"type":"Image","props":{"skin":"Limbo/m/common/ui/btn_enterOk.png","centerY":0,"centerX":0,"anchorY":0.5,"anchorX":0.5},"compId":387}]},{"type":"Image","props":{"y":-16,"skin":"Limbo/m/en/ui/img_target.png","centerX":0,"anchorY":0.5,"anchorX":0.5},"compId":412,"child":[{"type":"Script","props":{"runtime":"Common.Script.AddLangSpriteScript"},"compId":413}]}]},{"type":"Button","props":{"y":150,"x":20,"width":670,"var":"btnSha","stateNum":1,"sizeGrid":"17,30,17,30","name":"btnSha","height":50,"anchorY":0.5},"compId":167,"child":[{"type":"Image","props":{"y":25,"x":0,"var":"imgSha","skin":"Limbo/m/en/ui/img_issue_03.png","name":"imgSha","centerY":0,"anchorY":0.5,"anchorX":0},"compId":289,"child":[{"type":"Script","props":{"runtime":"Common.Script.AddLangSpriteScript"},"compId":290}]},{"type":"Box","props":{"x":0,"var":"bSha","name":"bSha","height":50,"centerY":3,"anchorY":0.5},"compId":391,"child":[{"type":"Label","props":{"x":0,"var":"lbCode","valign":"middle","name":"lbCode","fontSize":32,"color":"#ffffff","centerY":0,"anchorY":0.5,"anchorX":0},"compId":293},{"type":"Panel","props":{"x":0,"width":410,"var":"p","name":"p","height":100,"centerY":0,"anchorY":0.5},"compId":329,"child":[{"type":"Animation","props":{"y":-15,"x":-430,"var":"ani","source":"Limbo/common/common/ani/roundid.atlas","runtime":"Common.UI.DolAnimation","name":"ani","autoPlay":true},"compId":330,"child":[{"type":"Script","props":{"runtime":"Common.Script.AddAnimationScript"},"compId":331}]}]}]}]},{"type":"Button","props":{"y":150,"x":697,"var":"btnCopy","stateNum":2,"skin":"Limbo/m/common/ui/btn_copy_0.png","runtime":"Common.UI.DolButton","name":"btnCopy","anchorY":0.5},"compId":168,"child":[{"type":"Script","props":{"disabledSkin":"Limbo/m/common/ui/btn_copy_03.png","runtime":"Common.Script.AddDolButtonScript"},"compId":393}]},{"type":"Image","props":{"y":150,"x":794,"var":"imgFresh","stateNum":2,"skin":"Limbo/m/common/ui/btn_change_03.png","anchorY":0.5},"compId":394,"child":[{"type":"Label","props":{"valign":"middle","name":"lblTime","fontSize":26,"color":"#ffffff","centerY":1,"centerX":-1,"anchorY":0.5,"anchorX":0.5,"align":"center"},"compId":395}]},{"type":"Button","props":{"y":150,"x":794,"var":"btnFresh","stateNum":2,"skin":"Limbo/m/common/ui/btn_change_0.png","runtime":"Common.UI.DolButton","name":"btnFresh","anchorY":0.5},"compId":169,"child":[{"type":"Label","props":{"var":"lblTime","valign":"middle","name":"lblTime","fontSize":26,"color":"#ffffff","centerY":1,"centerX":-1,"anchorY":0.5,"anchorX":0.5,"align":"center"},"compId":306},{"type":"Script","props":{"y":0,"x":0,"disabledSkin":"Limbo/m/common/ui/btn_change_1.png","runtime":"Common.Script.AddDolButtonScript"},"compId":307}]},{"type":"Sprite","props":{"y":1,"x":0,"width":900,"var":"spAllMask","name":"spAllMask","height":1900},"compId":166,"child":[{"type":"Script","props":{"maskTouchEvent":true,"maskColor":"#00000005","hasMask":true,"runtime":"Common.Script.AddSpriteDrawRectScript"},"compId":288}]},{"type":"Sprite","props":{"y":0,"x":0,"var":"spBottom","name":"spBottom"},"compId":170,"child":[{"type":"Button","props":{"y":1660,"x":103,"var":"btnStop","stateNum":2,"skin":"Limbo/m/common/ui/btn_s02_0.png","name":"btnStop","labelSize":10,"labelColors":"ffffff","labelAlign":"center"},"compId":294,"child":[{"type":"Label","props":{"y":58,"x":57,"var":"lbLeft","text":"0","name":"lbLeft","fontSize":30,"color":"#ffffff","anchorY":0.5,"anchorX":0.5},"compId":295}]},{"type":"Button","props":{"y":1660,"x":239,"var":"btnBet","stateNum":2,"skin":"Limbo/m/en/ui/btn_bet_0.png","runtime":"Common.UI.DolButton","name":"btnBet"},"compId":397,"child":[{"type":"Script","props":{"y":0,"x":0,"disabledSkin":"Limbo/m/en/ui/btn_bet_03.png","runtime":"Common.Script.AddDolButtonScript"},"compId":398},{"type":"Script","props":{"y":48,"x":265,"runtime":"Common.Script.AddLangSpriteScript"},"compId":399}]}]}],"loadList":["Limbo/m/common/spine/huojian.sk","Limbo/common/common/ui/img_bet3.png","Limbo/m/common/ui/img_frame02.png","Limbo/m/common/ui/btn_s01_0.png","Limbo/m/common/ui/btn_s01_03.png","Limbo/m/common/ui/img_bet01_01.png","Limbo/m/common/ui/img_bet01_02.png","Limbo/m/common/ui/img_bet02.png","Limbo/m/common/ui/input.png","Limbo/m/en/ui/img_betUsd.png","Limbo/m/common/ui/btn_betDec_0.png","Limbo/m/common/ui/btn_betDec_03.png","Limbo/m/common/ui/btn_betAdd_0.png","Limbo/m/common/ui/btn_betAdd_03.png","Limbo/m/common/ui/btn_betCoin_0.png","Limbo/m/common/ui/btn_betCoin_03.png","Limbo/m/common/ui/img_targetBg.png","Limbo/m/common/ui/img_betUsdbg.png","Limbo/m/common/ui/vscroll.png","Limbo/m/common/ui/img_enterBg.png","Limbo/m/common/ui/btn_enter_0.png","Limbo/m/common/ui/img_k1.png","Limbo/m/common/ui/img_k2.png","Limbo/m/common/ui/img_k3.png","Limbo/m/common/ui/img_k4.png","Limbo/m/common/ui/img_k5.png","Limbo/m/common/ui/img_k6.png","Limbo/m/common/ui/img_k7.png","Limbo/m/common/ui/img_k8.png","Limbo/m/common/ui/img_k9.png","Limbo/m/common/ui/img_kDot.png","Limbo/m/common/ui/img_k0.png","Limbo/m/common/ui/btn_enterDelete.png","Limbo/m/common/ui/btn_enterOk_button.png","Limbo/m/common/ui/btn_enterOk.png","Limbo/m/en/ui/img_target.png","Limbo/m/en/ui/img_issue_03.png","Limbo/m/common/ui/btn_copy_0.png","Limbo/m/common/ui/btn_copy_03.png","Limbo/m/common/ui/btn_change_03.png","Limbo/m/common/ui/btn_change_0.png","Limbo/m/common/ui/btn_change_1.png","Limbo/m/common/ui/btn_s02_0.png","Limbo/m/en/ui/btn_bet_0.png","Limbo/m/en/ui/btn_bet_03.png"],"loadList3D":[]}