{"type":"View","props":{"width":900,"runtime":"BaseFSG.Base.View.MyHistory","height":1900},"compId":2,"child":[{"type":"Sprite","props":{"y":0,"x":0,"width":900,"var":"spMask","name":"spMask","height":1900},"compId":39,"child":[{"type":"Script","props":{"maskTouchEvent":true,"maskColor":"#00000055","hasMask":true,"clickCloseParent":true,"runtime":"Common.Script.AddSpriteDrawRectScript"},"compId":40}]},{"type":"Box","props":{"y":950,"x":450,"width":880,"var":"panel","name":"panel","height":1090,"anchorY":0.5,"anchorX":0.5},"compId":38,"child":[{"type":"Image","props":{"var":"imgK","top":0,"skin":"Limbo/m/common/ui/img_windowBg.png","sizeGrid":"35,35,35,35","right":0,"name":"imgK","left":0,"bottom":0},"compId":4},{"type":"Image","props":{"y":153,"x":10,"width":860,"var":"imgt1","skin":"Limbo/m/common/ui/img_frameLine_03.png","name":"imgt1"},"compId":47},{"type":"Image","props":{"y":72,"var":"imgt2","skin":"Limbo/m/common/ui/img_frameLine_03.png","right":0,"name":"imgt2","left":0},"compId":5},{"type":"Image","props":{"y":36,"x":30,"skin":"Limbo/m/en/ui/img_title_gameHistory.png","anchorY":0.5},"compId":6,"child":[{"type":"Script","props":{"runtime":"Common.Script.AddLangSpriteScript"},"compId":7}]},{"type":"Image","props":{"y":110,"x":616,"var":"img3","skin":"Limbo/m/en/ui/img_gameH_03.png","name":"img3","anchorY":0.5,"anchorX":1},"compId":19,"child":[{"type":"Script","props":{"runtime":"Common.Script.AddLangSpriteScript"},"compId":20}]},{"type":"Image","props":{"y":110,"x":854,"var":"img4","skin":"Limbo/m/en/ui/img_gameH_04.png","name":"img4","anchorY":0.5,"anchorX":1},"compId":41,"child":[{"type":"Script","props":{"runtime":"Common.Script.AddLangSpriteScript"},"compId":42}]},{"type":"Image","props":{"y":110,"x":415,"var":"img2","skin":"Limbo/m/en/ui/img_gameH_02.png","name":"img2","anchorY":0.5,"anchorX":1},"compId":17,"child":[{"type":"Script","props":{"runtime":"Common.Script.AddLangSpriteScript"},"compId":18}]},{"type":"Image","props":{"y":110,"x":140,"var":"img1","skin":"Limbo/m/en/ui/img_gameH_01.png","name":"img1","anchorY":0.5,"anchorX":0.5},"compId":15,"child":[{"type":"Script","props":{"runtime":"Common.Script.AddLangSpriteScript"},"compId":16}]},{"type":"Box","props":{"y":154,"x":10,"width":860,"var":"myBetList","vScrollBarSkin":"Limbo/common/common/ui/vscroll.png","spaceY":3,"repeatY":10,"repeatX":1,"name":"myBetList","height":780},"compId":37},{"type":"Button","props":{"y":36,"var":"btnClose","stateNum":1,"skin":"Limbo/m/common/ui/btn_close.png","right":22,"name":"btnClose","anchorY":0.5,"anchorX":1},"compId":26},{"type":"Button","props":{"y":1005,"x":80,"var":"btnPre","stateNum":1,"skin":"Limbo/m/en/ui/btn_page_01.png","runtime":"Common.UI.DolButton","name":"btnPre","disabled":false,"bottom":50,"anchorY":0.5,"anchorX":0},"compId":25,"child":[{"type":"Script","props":{"disabledAlpha":0.7,"runtime":"Common.Script.AddDolButtonScript"},"compId":45},{"type":"Script","props":{"runtime":"Common.Script.AddLangSpriteScript"},"compId":48}]},{"type":"Button","props":{"y":1005,"x":800,"var":"btnNext","stateNum":1,"skin":"Limbo/m/en/ui/btn_page_02.png","runtime":"Common.UI.DolButton","name":"btnNext","bottom":50,"anchorY":0.5,"anchorX":1},"compId":24,"child":[{"type":"Script","props":{"disabledAlpha":0.7,"runtime":"Common.Script.AddDolButtonScript"},"compId":46},{"type":"Script","props":{"runtime":"Common.Script.AddLangSpriteScript"},"compId":49}]},{"type":"Label","props":{"zOrder":9,"y":1007,"x":420,"var":"pageNum","value":"0123456789","text":"1","styleSkin":"Limbo/common/common/ui/img_number01_0","sheet":"0123456789","offsetType":"none","name":"pageNum","fontSize":32,"color":"#ffffff","anchorY":0.5,"anchorX":1,"align":"right"},"compId":31},{"type":"Image","props":{"y":1010,"x":440,"var":"imgPage","skin":"Limbo/m/common/ui/img_num2_symbol1.png","name":"imgPage","anchorY":0.5,"anchorX":0.5},"compId":32},{"type":"Label","props":{"zOrder":9,"y":1007,"x":460,"var":"pageTotal","value":"0123456789","text":"1","styleSkin":"Limbo/common/common/ui/img_number01_0","sheet":"0123456789","scaleY":1,"scaleX":1,"offsetType":"none","name":"pageTotal","fontSize":32,"color":"#ffffff","anchorY":0.5,"anchorX":0,"align":"left"},"compId":36}]}],"loadList":["Limbo/m/common/ui/img_windowBg.png","Limbo/m/common/ui/img_frameLine_03.png","Limbo/m/en/ui/img_title_gameHistory.png","Limbo/m/en/ui/img_gameH_03.png","Limbo/m/en/ui/img_gameH_04.png","Limbo/m/en/ui/img_gameH_02.png","Limbo/m/en/ui/img_gameH_01.png","Limbo/common/common/ui/vscroll.png","Limbo/m/common/ui/btn_close.png","Limbo/m/en/ui/btn_page_01.png","Limbo/m/en/ui/btn_page_02.png","Limbo/m/common/ui/img_num2_symbol1.png"],"loadList3D":[]}