{"type":"View","props":{"width":222,"height":50},"compId":2,"child":[{"type":"Button","props":{"var":"btn","top":0,"stateNum":1,"skin":"Limbo/common/common/ui/btn_scrollbarButton_01.png","sizeGrid":"24,35,24,35","runtime":"Common.UI.DolButton","right":0,"name":"btn","left":0,"bottom":0},"compId":21,"child":[{"type":"Script","props":{"y":0,"x":0,"disabledSkin":"Limbo/common/common/ui/btn_scrollbarButton_02.png","runtime":"Common.Script.AddDolButtonScript"},"compId":23},{"type":"Label","props":{"var":"lbl","text":"100","name":"lbl","fontSize":20,"color":"#ffffff","centerY":1,"centerX":0},"compId":25}]}],"loadList":["Limbo/common/common/ui/btn_scrollbarButton_01.png","Limbo/common/common/ui/btn_scrollbarButton_02.png"],"loadList3D":[]}