{"type":"View","props":{"width":900,"runtime":"Limbo.View.LimboResultView","height":1900},"compId":2,"child":[{"type":"Button","props":{"y":0,"x":0,"width":900,"var":"btnClose","name":"btnClose","height":1900,"alpha":0},"compId":7},{"type":"Box","props":{"y":229,"x":456,"width":880,"var":"pBG","name":"pBG","mouseEnabled":false,"anchorX":0.5},"compId":8,"child":[{"type":"Image","props":{"y":1,"var":"imgBG","skin":"Limbo/m/common/ui/img_timeBg.png","sizeGrid":"30,45,30,45","right":15,"name":"imgBG","left":5},"compId":15},{"type":"Panel","props":{"y":11,"x":23,"width":780,"var":"historyList","spaceX":5,"scaleY":1,"scaleX":1,"repeatY":0,"repeatX":13,"name":"historyList"},"compId":4},{"type":"Box","props":{"y":0,"width":870,"var":"pMore","name":"pMore","mouseThrough":true,"mouseEnabled":false,"height":240,"centerX":0},"compId":10,"child":[{"type":"Image","props":{"y":0,"var":"imgMore","skin":"Limbo/m/common/ui/img_LastResults_bg.png","sizeGrid":"27,27,27,27","right":0,"name":"imgMore","left":0,"height":240},"compId":9},{"type":"Panel","props":{"y":65,"x":15,"width":830,"var":"historyList2","spaceY":5,"spaceX":5,"scaleY":1,"scaleX":1,"repeatY":4,"repeatX":8,"name":"historyList2","height":470},"compId":5},{"type":"Image","props":{"y":14,"x":21,"var":"imgTItle","skin":"Limbo/m/en/ui/img_homeLastresults.png","name":"imgTItle"},"compId":12,"child":[{"type":"Script","props":{"runtime":"Common.Script.AddLangSpriteScript"},"compId":13}]}]}]},{"type":"Button","props":{"y":261,"x":880,"var":"btnHistory","stateNum":2,"skin":"Limbo/m/common/ui/btn_time_0.png","scaleY":1,"scaleX":1,"name":"btnHistory","anchorY":0.5,"anchorX":1},"compId":3}],"loadList":["Limbo/m/common/ui/img_timeBg.png","Limbo/m/common/ui/img_LastResults_bg.png","Limbo/m/en/ui/img_homeLastresults.png","Limbo/m/common/ui/btn_time_0.png"],"loadList3D":[]}