{"type":"View","props":{"width":128,"height":42},"compId":2,"child":[{"type":"Image","props":{"var":"imgBG","top":0,"skin":"Limbo/m/common/ui/img_timeNum_bg.png","sizeGrid":"15,26,15,26","right":0,"name":"imgBG","left":0,"bottom":0,"anchorY":0.5,"anchorX":0.5},"compId":3},{"type":"Label","props":{"var":"lbBS","valign":"middle","text":"01.01","name":"lbBS","fontSize":32,"color":"#ffffff","centerY":1,"centerX":0,"anchorY":0.5,"anchorX":0.5,"align":"center"},"compId":4},{"type":"Button","props":{"var":"btnResultVew","top":0,"right":0,"name":"btnResultVew","left":0,"bottom":0},"compId":5}],"loadList":["Limbo/m/common/ui/img_timeNum_bg.png"],"loadList3D":[]}