{"GameUI/Common/Dialog/MessageBox.json":"GameUI/Common/Dialog/MessageBoxba086be772e06fc960aecdd41ec552a0.json","GameUI/Common/Dialog/MessageYesNoBox.json":"GameUI/Common/Dialog/MessageYesNoBox3fad6696e7f8894b81aa740bd215b242.json","GameUI/Common/Dialog/ReconnectMessageBox.json":"GameUI/Common/Dialog/ReconnectMessageBox6ad118f6f009bb1409e9ff509a46cd1f.json","GameUI/Common/Scenes/GameLoading.json":"GameUI/Common/Scenes/GameLoading9cad6b63361ceed88d022e95631a1498.json","GameUI/Common/View/AutoNumberCell_h.json":"GameUI/Common/View/AutoNumberCell_h76ce9d445bea4d7022e30bf4d5462f46.json","GameUI/Common/View/AutoNumberCell_v.json":"GameUI/Common/View/AutoNumberCell_vbcb23c36f0799e6ac6155b824001d98b.json","GameUI/Common/View/BonusAnnouncementView.json":"GameUI/Common/View/BonusAnnouncementView8e57160010f720074eea1a3f748c846a.json","GameUI/Common/View/BonusAnnouncementView_h.json":"GameUI/Common/View/BonusAnnouncementView_h5da68fb4f2350f123e17f15d027baeed.json","GameUI/Common/View/BonusAnnouncementView_v.json":"GameUI/Common/View/BonusAnnouncementView_vde00b394422e6e1fa7b74a24ced7a702.json","GameUI/Common/View/DynamicMsgView.json":"GameUI/Common/View/DynamicMsgViewf4d3dbbaae47fd193d410d70e09809af.json","GameUI/Common/View/GameLoadingBarNew.json":"GameUI/Common/View/GameLoadingBarNew8968b1481f22b763f0ebd0feb78b8f78.json","GameUI/Common/View/LangSettingView_h.json":"GameUI/Common/View/LangSettingView_h46fba84b5a44f925053eda200c2f414b.json","GameUI/Common/View/LangSettingView_v.json":"GameUI/Common/View/LangSettingView_va09ac5ee01261e9cb68ba5d296e1675d.json","GameUI/Common/View/LoadingView_h.json":"GameUI/Common/View/LoadingView_hbddc34c48851c9857749f18d27ae7c0c.json","GameUI/Common/View/LoadingView_v.json":"GameUI/Common/View/LoadingView_va7d1cea583b503a5922a8afc7550b037.json","GameUI/Common/View/ScreenSettingView_h.json":"GameUI/Common/View/ScreenSettingView_h78858a91d0b481bb16440ac99251a7f2.json","GameUI/Common/View/ScreenSettingView_v.json":"GameUI/Common/View/ScreenSettingView_v9b0dae68617685ffa85c9a5d503e4414.json","GameUI/Common/View/UserInfoView_h.json":"GameUI/Common/View/UserInfoView_hc5f2c4d0a0ef5e931e5145c1b3a33667.json","GameUI/Common/View/UserInfoView_v.json":"GameUI/Common/View/UserInfoView_va92d32df593ac181223a6738dfd5f764.json","res/atlas/Common/common/common/loading/bg.atlas":"res/atlas/Common/common/common/loading/bg1c6bf815bec13dc96fd8eb3be4c059da.atlas","res/atlas/Common/common/common/loading/bg.png":"res/atlas/Common/common/common/loading/bga427e3e42a2de1255da43b8d42f931b9.png","res/atlas/Common/common/common/loading/bg1.png":"res/atlas/Common/common/common/loading/bg1182822b2e9ac636505598c689b061f07.png","res/atlas/Common/common/common/loading/common.atlas":"res/atlas/Common/common/common/loading/common917a943fd2da65c9f8ae1f47b382a795.atlas","res/atlas/Common/common/common/loading/common.png":"res/atlas/Common/common/common/loading/common838bcea976591738f4174760695b238d.png","res/atlas/Common/common/common/loading/others.atlas":"res/atlas/Common/common/common/loading/others060c389e78cdd486f71d91fb49b4f1d8.atlas","res/atlas/Common/common/common/loading/others.png":"res/atlas/Common/common/common/loading/others0d3873c7446bcddc017efe854d393d8b.png","res/atlas/Common/common/common/loading/spin.atlas":"res/atlas/Common/common/common/loading/spin6d8e92de98bb34aa79c4ad102622b658.atlas","res/atlas/Common/common/common/loading/spin.png":"res/atlas/Common/common/common/loading/spinb54ebe8c8efbaa74f92acfeb09ecfbe6.png","res/atlas/Common/common/common/autoPlay.atlas":"res/atlas/Common/common/common/autoPlay475dd627cffb53185e6994f74d7a358a.atlas","res/atlas/Common/common/common/autoPlay.png":"res/atlas/Common/common/common/autoPlaya79dc3c77a13a8e30849b57459a35320.png","res/atlas/Common/common/common/comp.atlas":"res/atlas/Common/common/common/compc28533052724a121a456af0a189232dd.atlas","res/atlas/Common/common/common/comp.png":"res/atlas/Common/common/common/comp287f97802d7ba1c667fcf41b9e29e686.png","res/atlas/Common/common/common/dialog.atlas":"res/atlas/Common/common/common/dialog4db680c7164c4b8a7f2e5293c7e890b9.atlas","res/atlas/Common/common/common/dialog.png":"res/atlas/Common/common/common/dialog428bb0b70ad146618591ced3906a981b.png","res/atlas/Common/common/common/ui.atlas":"res/atlas/Common/common/common/ui371535d1d4df1cd639e36d1df95662d9.atlas","res/atlas/Common/common/common/ui.png":"res/atlas/Common/common/common/ui29cbb230a1511ad5e1d9f752a5f38caa.png","res/atlas/Common/common/common/userinfo.atlas":"res/atlas/Common/common/common/userinfo22d2acb328350af8cb128f63b782ba82.atlas","res/atlas/Common/common/common/userinfo.png":"res/atlas/Common/common/common/userinfoa2b62f1cec13e9e989f985dd9bbfcfeb.png","res/atlas/Common/common/common/verification.atlas":"res/atlas/Common/common/common/verificationb2d188ea42f9f14d1d6baef21317eb5e.atlas","res/atlas/Common/common/common/verification.png":"res/atlas/Common/common/common/verification10a2e236c3aa0cb635092d1b7f681ba6.png","res/atlas/Common/common/en/ui.atlas":"res/atlas/Common/common/en/ui4726c384611d0a6c73cfca86b05c152d.atlas","res/atlas/Common/common/en/ui.png":"res/atlas/Common/common/en/ui700deed03194f558b615446ee3c490a3.png","res/atlas/Common/common/hi/ui.atlas":"res/atlas/Common/common/hi/ui8624816e5787a0cfe552a474a5b532cc.atlas","res/atlas/Common/common/hi/ui.png":"res/atlas/Common/common/hi/ui9897bc72ab6f3e5859bd1dd441fb358d.png","res/atlas/Common/common/id/ui.atlas":"res/atlas/Common/common/id/uia3618dba212f7de3c0e706339d16fd2e.atlas","res/atlas/Common/common/id/ui.png":"res/atlas/Common/common/id/ui75bbc26b48496055d845b64fb1b2c367.png","res/atlas/Common/common/ms/ui.atlas":"res/atlas/Common/common/ms/ui072aea99c4c2e880b316bb013e137e5a.atlas","res/atlas/Common/common/ms/ui.png":"res/atlas/Common/common/ms/ui4fea272ad16fa22d84342fda09135f0c.png","res/atlas/Common/common/pr/ui.atlas":"res/atlas/Common/common/pr/ui788d055de184a2cb6cefe1cb7122a475.atlas","res/atlas/Common/common/pr/ui.png":"res/atlas/Common/common/pr/ui58f46a33ff100455509e370234077a5a.png","res/atlas/Common/common/th/ui.atlas":"res/atlas/Common/common/th/ui552349e9cde1c099caa1b8569c4234a3.atlas","res/atlas/Common/common/th/ui.png":"res/atlas/Common/common/th/ui4fd37bc4566f4199f31449d282d3ccbe.png","res/atlas/Common/common/vi/ui.atlas":"res/atlas/Common/common/vi/ui3aa1a442fa19189943f4bc865ca17663.atlas","res/atlas/Common/common/vi/ui.png":"res/atlas/Common/common/vi/uidf743797ca12456c3fe674751fa29fb7.png","res/atlas/Common/common/zh-cn/ui.atlas":"res/atlas/Common/common/zh-cn/ui1ff2b6577ce9f6b5e365102f0bc394d9.atlas","res/atlas/Common/common/zh-cn/ui.png":"res/atlas/Common/common/zh-cn/ui6e5e78b266e03b323be564b0503954d7.png","res/atlas/Common/m/common/ui.atlas":"res/atlas/Common/m/common/ui0d18b849806208763d8776e0762fb4e5.atlas","res/atlas/Common/m/common/ui.png":"res/atlas/Common/m/common/uif78b64532f6bf98158d5b1bc9356e9d2.png","res/atlas/Common/m/en/ui.atlas":"res/atlas/Common/m/en/ui7445aaaa87f0ff00d737b80cd36e410a.atlas","res/atlas/Common/m/en/ui.png":"res/atlas/Common/m/en/ui6b104bf799cb3026439df56585a05d23.png","res/atlas/Common/m/hi/ui.atlas":"res/atlas/Common/m/hi/ui457441d4aa31bb6a19403a423b601b29.atlas","res/atlas/Common/m/hi/ui.png":"res/atlas/Common/m/hi/uib28a1adbc0e70d75ebc335f4bd1775a2.png","res/atlas/Common/m/id/ui.atlas":"res/atlas/Common/m/id/uid9e0ab031a70fa8ba91bacc9c63e24d3.atlas","res/atlas/Common/m/id/ui.png":"res/atlas/Common/m/id/uid2b688bbc8466d456eb285ac3268f67e.png","res/atlas/Common/m/ms/ui.atlas":"res/atlas/Common/m/ms/uie3157695a66c21d602296c75c303ff67.atlas","res/atlas/Common/m/ms/ui.png":"res/atlas/Common/m/ms/ui6abd57c66245628283a389da71cafb5e.png","res/atlas/Common/m/pr/ui.atlas":"res/atlas/Common/m/pr/ui7310a2e136179dff007d69ec9699abf3.atlas","res/atlas/Common/m/pr/ui.png":"res/atlas/Common/m/pr/uid6e6cbc8a569db2a8b8768dac4fadd3b.png","res/atlas/Common/m/th/ui.atlas":"res/atlas/Common/m/th/ui44c515043c8975d6351823bfd0eb3370.atlas","res/atlas/Common/m/th/ui.png":"res/atlas/Common/m/th/ui8f361f65753eebfd7d6069359f297af1.png","res/atlas/Common/m/vi/ui.atlas":"res/atlas/Common/m/vi/uiededa35656062c2861825607a7140bec.atlas","res/atlas/Common/m/vi/ui.png":"res/atlas/Common/m/vi/uic5a171a944761662331712df8ddff502.png","res/atlas/Common/pc/common/ui.atlas":"res/atlas/Common/pc/common/uifb59403cc36310f27136c07b74af322e.atlas","res/atlas/Common/pc/common/ui.png":"res/atlas/Common/pc/common/uib88129625399afa91bea302d6a8549a6.png","res/atlas/Common/pc/en/ui.atlas":"res/atlas/Common/pc/en/uiacab21956249187ccc602d4e45484b6a.atlas","res/atlas/Common/pc/en/ui.png":"res/atlas/Common/pc/en/ui5be22d66d6df50e6665e237d1ca830cf.png","res/atlas/Common/pc/hi/ui.atlas":"res/atlas/Common/pc/hi/ui9e11a32bbaff6219d3b5c87d3c1aa325.atlas","res/atlas/Common/pc/hi/ui.png":"res/atlas/Common/pc/hi/ui0a750eccebea2b80b4741457abecdd21.png","res/atlas/Common/pc/id/ui.atlas":"res/atlas/Common/pc/id/ui488e27526bab9ad7b93f898cc81841d8.atlas","res/atlas/Common/pc/id/ui.png":"res/atlas/Common/pc/id/uia0a604c191158616f0b1e4d0dc689c78.png","res/atlas/Common/pc/ms/ui.atlas":"res/atlas/Common/pc/ms/uic8d7ce38c2e543d0706fdf8af55923ca.atlas","res/atlas/Common/pc/ms/ui.png":"res/atlas/Common/pc/ms/uia62f252c31b1a244050c3ddf01e017bd.png","res/atlas/Common/pc/pr/ui.atlas":"res/atlas/Common/pc/pr/uic9ff03a877b851d574ae0a1e87b69fa0.atlas","res/atlas/Common/pc/pr/ui.png":"res/atlas/Common/pc/pr/ui7db96c44f29c42bab8875385949a8a96.png","res/atlas/Common/pc/th/ui.atlas":"res/atlas/Common/pc/th/ui0c85e3731dba54a3b7c044754d6c5ba4.atlas","res/atlas/Common/pc/th/ui.png":"res/atlas/Common/pc/th/ui5ad8458d53497b0efdd5392cbbc0a5b3.png","res/atlas/Common/pc/vi/ui.atlas":"res/atlas/Common/pc/vi/uie021056c801883fc6c300e4c80f8932b.atlas","res/atlas/Common/pc/vi/ui.png":"res/atlas/Common/pc/vi/ui7f43174a29ebc356303fe6bf46ec32db.png","Common/common/common/loading/spin/loading.sk":"Common/common/common/loading/spin/loading2a014fd63872e6f105a2ccda64c201bf.sk","tmpjs/Common.js":"tmpjs/Common07ea1b9efd1c57c1123bc80024385e14.js","tmpjs/BaseFSG.js":"tmpjs/BaseFSG80e55348e2baf125689ae8d7b98e6f36.js","Assets/Coin/Sound/big_button.mp3":"Assets/Coin/Sound/big_buttoned856789f9be22ed4f5706ead4cb1f31.mp3","Assets/Coin/Sound/button_click.mp3":"Assets/Coin/Sound/button_clickf680be139fbad20ca9352804e6ed3d7f.mp3","Assets/Coin/Sound/chip.mp3":"Assets/Coin/Sound/chip0361d349ba3a148fd5ba2fd4eec3a9fb.mp3","Assets/Coin/Sound/coinflip_coin.mp3":"Assets/Coin/Sound/coinflip_coin884403059f9b7d3174dc4d332311a1c8.mp3","Assets/Coin/Sound/limbo_win.mp3":"Assets/Coin/Sound/limbo_win37165c05714d61e1164b5f6f90ddbc77.mp3","Assets/Coin/Sound/soft_win.mp3":"Assets/Coin/Sound/soft_win5fed912274c415018cc9c24c1ff5f807.mp3","Assets/Coin/Sound/sound_lose.mp3":"Assets/Coin/Sound/sound_losea8abddf529067e0d990728171b5bc1ef.mp3","GameUI/Coin/Scenes/GameLoading_h.json":"GameUI/Coin/Scenes/GameLoading_h96913cda3c0b059a79e2ad27fb3797a4.json","GameUI/Coin/Scenes/GameLoading_v.json":"GameUI/Coin/Scenes/GameLoading_v73eef97d1336daa737db967479e76d63.json","GameUI/Coin/Scenes/GameScene_h.json":"GameUI/Coin/Scenes/GameScene_hfa818bda2688a72d541fe46616afe4ba.json","GameUI/Coin/Scenes/GameScene_v.json":"GameUI/Coin/Scenes/GameScene_v06debc5a2d8a122b47e89e76fbc389f1.json","GameUI/Coin/View/AutoNumberCell_h.json":"GameUI/Coin/View/AutoNumberCell_hd80bbea59e03de80789dce31694ad2dc.json","GameUI/Coin/View/AutoNumberCell_v.json":"GameUI/Coin/View/AutoNumberCell_v9ff4091fc36719aa7773d095ce6e247a.json","GameUI/Coin/View/AutoPlaySelected_h.json":"GameUI/Coin/View/AutoPlaySelected_h2a3e77954788690198ca2165bc02e4cd.json","GameUI/Coin/View/AutoPlaySelected_v.json":"GameUI/Coin/View/AutoPlaySelected_v559436df7fbaff7f76ba18e7aeabbfbb.json","GameUI/Coin/View/BetViewCell2_h.json":"GameUI/Coin/View/BetViewCell2_h3de69eea7d086b70919c5c819d4810bc.json","GameUI/Coin/View/BetViewCell2_v.json":"GameUI/Coin/View/BetViewCell2_vd55b5ca1cce0806b4b10b2048141f186.json","GameUI/Coin/View/CheckRoundSeedView_h.json":"GameUI/Coin/View/CheckRoundSeedView_he6c652c656b140b7407477d6229c3eb8.json","GameUI/Coin/View/CheckRoundSeedView_v.json":"GameUI/Coin/View/CheckRoundSeedView_v69c519f8e7d29f77778c6dd3550f2c8f.json","GameUI/Coin/View/DetailedRulesView_h.json":"GameUI/Coin/View/DetailedRulesView_haa4a913a683a88e20634d9e523f82894.json","GameUI/Coin/View/DetailedRulesView_v.json":"GameUI/Coin/View/DetailedRulesView_ve694d959156d064765ee7f90a868ac2b.json","GameUI/Coin/View/GameLimitsView_h.json":"GameUI/Coin/View/GameLimitsView_h465e6fb8f0d413fab80bc80751076ae8.json","GameUI/Coin/View/GameLimitsView_v.json":"GameUI/Coin/View/GameLimitsView_v329a79e70346ec292ef96b6a43359233.json","GameUI/Coin/View/GameLoadingBarNew.json":"GameUI/Coin/View/GameLoadingBarNew21885fbc82f5d1cb2c058004813d6fe2.json","GameUI/Coin/View/GameRulesView_h.json":"GameUI/Coin/View/GameRulesView_h5574d6f272caa5908913c31b62e67a2f.json","GameUI/Coin/View/GameRulesView_v.json":"GameUI/Coin/View/GameRulesView_ve55e4f6b4deded80d94d40f5098db6d3.json","GameUI/Coin/View/GreenDetailed_h.json":"GameUI/Coin/View/GreenDetailed_h29ea25ab224a3b9c738a4ce6194fb769.json","GameUI/Coin/View/GreenDetailed_v.json":"GameUI/Coin/View/GreenDetailed_v5d860e74292dd7f934d480ce7cece411.json","GameUI/Coin/View/HeaderView_h.json":"GameUI/Coin/View/HeaderView_h3dc1a18ca6289d3eaa3d1406540b760c.json","GameUI/Coin/View/HeaderView_v.json":"GameUI/Coin/View/HeaderView_vff1ddf2cbdbfe111df145f2ec768db7a.json","GameUI/Coin/View/LangSettingView_h.json":"GameUI/Coin/View/LangSettingView_h83dfb1ee5addb3a4e38fdb64426f5e04.json","GameUI/Coin/View/LangSettingView_v.json":"GameUI/Coin/View/LangSettingView_v12436817f5fb156470fc7f64d5972d09.json","GameUI/Coin/View/LoadingView_h.json":"GameUI/Coin/View/LoadingView_hb41406765b0bd40ae9e70fe6ffa6a33e.json","GameUI/Coin/View/LoadingView_v.json":"GameUI/Coin/View/LoadingView_v663baa61aa5d6bb8917e561510dd87a3.json","GameUI/Coin/View/MyBetViewCell_h.json":"GameUI/Coin/View/MyBetViewCell_hd25fdd03f7124fc18735c78c0b84a2cf.json","GameUI/Coin/View/MyBetViewCell_v.json":"GameUI/Coin/View/MyBetViewCell_v7177d42c7ecb2e6279a52931d7593a94.json","GameUI/Coin/View/MyHistoryView_h.json":"GameUI/Coin/View/MyHistoryView_hbc46e47598a7c7f75bf1c2c59768de9d.json","GameUI/Coin/View/MyHistoryView_v.json":"GameUI/Coin/View/MyHistoryView_vd16891d0a205badcdb0443dc35013272.json","GameUI/Coin/View/NumberCell_h.json":"GameUI/Coin/View/NumberCell_hbea41d93b0acc1ef90069462a3755fe9.json","GameUI/Coin/View/NumberCell_v.json":"GameUI/Coin/View/NumberCell_vbea41d93b0acc1ef90069462a3755fe9.json","GameUI/Coin/View/ResultViewCell.json":"GameUI/Coin/View/ResultViewCella98eb62760162491fc8d86e752db8167.json","GameUI/Coin/View/ResultViewCell_h.json":"GameUI/Coin/View/ResultViewCell_h82021b987c0658bf4aedd54c59a296ef.json","GameUI/Coin/View/ResultViewCell_v.json":"GameUI/Coin/View/ResultViewCell_v0cfd8bd66f144608659214aabba3e404.json","GameUI/Coin/View/ResultView_h.json":"GameUI/Coin/View/ResultView_h74c87ccf48375b04495e425c2d14e7d9.json","GameUI/Coin/View/ResultView_v.json":"GameUI/Coin/View/ResultView_v1f5e738045130be5660f840d0ed75085.json","GameUI/Coin/View/ScreenSettingView_h.json":"GameUI/Coin/View/ScreenSettingView_h86dfc90a6b3f12673cdd574ef24209d8.json","GameUI/Coin/View/ScreenSettingView_v.json":"GameUI/Coin/View/ScreenSettingView_vf3b7efc161f647888715543cf7736b43.json","GameUI/Coin/View/UserInfoView_h.json":"GameUI/Coin/View/UserInfoView_h5b5416920eb1fdb70e21cd9c1ccdebae.json","GameUI/Coin/View/UserInfoView_v.json":"GameUI/Coin/View/UserInfoView_vb71e6df23440f547d9b74ef3e9751407.json","res/atlas/Coin/common/common/ui.atlas":"res/atlas/Coin/common/common/uife816b470842048ea4e141ecc13c9aa9.atlas","res/atlas/Coin/common/common/ui.png":"res/atlas/Coin/common/common/ui2b94f95da3d0d4b5bcc576b67e1ec1b9.png","res/atlas/Coin/m/common/ui.atlas":"res/atlas/Coin/m/common/ui2f9d9012c6db1bc28d24b45728fd7636.atlas","res/atlas/Coin/m/common/ui.png":"res/atlas/Coin/m/common/ui723cee1f60715a7915f3e0ffeca966a6.png","res/atlas/Coin/m/en/ui.atlas":"res/atlas/Coin/m/en/ui860f6183502286b11b04559f0f0ee9ad.atlas","res/atlas/Coin/m/en/ui.png":"res/atlas/Coin/m/en/ui43cbda551e4faa2918c0e16a21854c01.png","res/atlas/Coin/m/hi/ui.atlas":"res/atlas/Coin/m/hi/ui800d8a30b4dad77b314401380cba0035.atlas","res/atlas/Coin/m/hi/ui.png":"res/atlas/Coin/m/hi/ui51f3dffbcac5f983fb2b26323eed31f0.png","res/atlas/Coin/m/id/ui.atlas":"res/atlas/Coin/m/id/uibc1998b5a5b65b20bd99a7a0e2c5fc0f.atlas","res/atlas/Coin/m/id/ui.png":"res/atlas/Coin/m/id/ui5fba93cd3692f0087471ae64a1edd7f2.png","res/atlas/Coin/m/ms/ui.atlas":"res/atlas/Coin/m/ms/ui0c3575f58a382dec67c265f139854b32.atlas","res/atlas/Coin/m/ms/ui.png":"res/atlas/Coin/m/ms/ui4aa2847ff1955d7d25c5186a8eff1e44.png","res/atlas/Coin/m/pr/ui.atlas":"res/atlas/Coin/m/pr/uiabdfe2e33f5e3b95f3f9da761fc1b896.atlas","res/atlas/Coin/m/pr/ui.png":"res/atlas/Coin/m/pr/ui5565a7ab66f2adfa804c7888c3dbc8af.png","res/atlas/Coin/m/th/ui.atlas":"res/atlas/Coin/m/th/uid65610b5e43152d9791a8991fb2270ea.atlas","res/atlas/Coin/m/th/ui.png":"res/atlas/Coin/m/th/uib611b36d468e1043561bf29b311d2ae3.png","res/atlas/Coin/m/vi/ui.atlas":"res/atlas/Coin/m/vi/uid2c3b6564794be887a3e642d21c6d28f.atlas","res/atlas/Coin/m/vi/ui.png":"res/atlas/Coin/m/vi/uia1d603257f2ca9b9583f4f77fdabc3b7.png","res/atlas/Coin/m/zh-cn/ui.atlas":"res/atlas/Coin/m/zh-cn/uicd75944d205383c9a0c9a4e50a2758c3.atlas","res/atlas/Coin/m/zh-cn/ui.png":"res/atlas/Coin/m/zh-cn/uifee3d38a6e8eb36191809b2feee85bb4.png","res/atlas/Coin/pc/common/ui.atlas":"res/atlas/Coin/pc/common/ui067f15f9391aec4029c0059847f379c3.atlas","res/atlas/Coin/pc/common/ui.png":"res/atlas/Coin/pc/common/ui836beb8f8bb8c9b6f9b6d27a45d772fd.png","res/atlas/Coin/pc/en/ui.atlas":"res/atlas/Coin/pc/en/ui6e2a71d9e2f52828a36a10022ce1288c.atlas","res/atlas/Coin/pc/en/ui.png":"res/atlas/Coin/pc/en/ui507faf3fdfe554e6ac9b8b44ba0f8f55.png","res/atlas/Coin/pc/hi/ui.atlas":"res/atlas/Coin/pc/hi/uide9b83c81773185839058632cd3e8c82.atlas","res/atlas/Coin/pc/hi/ui.png":"res/atlas/Coin/pc/hi/ui5b62d3b6c43903b66b4cf084f76a0e03.png","res/atlas/Coin/pc/id/ui.atlas":"res/atlas/Coin/pc/id/uibd9ade5a171c4978094f50d1a7bf289d.atlas","res/atlas/Coin/pc/id/ui.png":"res/atlas/Coin/pc/id/uid83c925d15d43be20e8515a5eef6de39.png","res/atlas/Coin/pc/ms/ui.atlas":"res/atlas/Coin/pc/ms/ui522505453d3a5b8d27c27c69a340c1fb.atlas","res/atlas/Coin/pc/ms/ui.png":"res/atlas/Coin/pc/ms/ui8714737c5393aa8fa9d96aa3b0b12279.png","res/atlas/Coin/pc/pr/ui.atlas":"res/atlas/Coin/pc/pr/ui60e83f57b18cf8d1daaf35acac810fec.atlas","res/atlas/Coin/pc/pr/ui.png":"res/atlas/Coin/pc/pr/ui0f28eca13444b4f4a75dc2007f9816be.png","res/atlas/Coin/pc/th/ui.atlas":"res/atlas/Coin/pc/th/ui7762829222b44ae9db126b32b6253c1b.atlas","res/atlas/Coin/pc/th/ui.png":"res/atlas/Coin/pc/th/ui041d031efc4059f6298ee23f6f49fc51.png","res/atlas/Coin/pc/vi/ui.atlas":"res/atlas/Coin/pc/vi/ui89b3dd77b29212864bf8a42959a1c026.atlas","res/atlas/Coin/pc/vi/ui.png":"res/atlas/Coin/pc/vi/uibffe82743806dd236e2ae5a754bb2996.png","res/atlas/Coin/pc/zh-cn/ui.atlas":"res/atlas/Coin/pc/zh-cn/ui3fdd602af54ad83ec37622eb52ff03f8.atlas","res/atlas/Coin/pc/zh-cn/ui.png":"res/atlas/Coin/pc/zh-cn/ui481b9b4dc65948342029e0d1d7b1aeb0.png","Coin/common/common/ani/loading.atlas":"Coin/common/common/ani/loading97d180cab56982f40244814126dc495b.atlas","Coin/common/common/ani/loading.png":"Coin/common/common/ani/loading61f4893438ecc80baafa265edc3ca7fe.png","Coin/common/common/ani/roundid.atlas":"Coin/common/common/ani/roundid2565e796efc0cc535fa967574ee0457c.atlas","Coin/common/common/ani/roundid.png":"Coin/common/common/ani/roundid7b89e817b642819cfb98024008859644.png","Coin/common/common/spine/jinbi.png":"Coin/common/common/spine/jinbifdccfcad82f137888e1d5bb7b640d543.png","Coin/common/common/spine/jinbi.sk":"Coin/common/common/spine/jinbifedd9c8b7f47bfaf97fe53dd744ff62e.sk","Coin/common/common/spine/quan.png":"Coin/common/common/spine/quan6f6dcb182004e91c55373b52699d610a.png","Coin/common/common/spine/quan.sk":"Coin/common/common/spine/quancb4fb66d498b085afd9b881e81659842.sk","tmpjs/Coin.js":"tmpjs/Coin7ee8530684ab41ef24876cb26a02d22e.js","Json/CoinFileConfig.json":"Json/CoinFileConfig0b0ffc7b01be77dcc262fc89eec6795a.json"}