{"type":"Scene","props":{"width":900,"runtime":"Limbo.Scene.GameScene","height":1900},"compId":2,"child":[{"type":"Image","props":{"y":950,"x":450,"width":900,"var":"imgBG","skin":"Limbo/m/common/ui/img_frame01.jpg","sizeGrid":"50,50,50,50","name":"imgBG","height":1900,"bgColor":"#025c5c","anchorY":0.5,"anchorX":0.5},"compId":85,"child":[{"type":"Image","props":{"top":14,"skin":"Limbo/m/common/ui/img_frame01_1.png","right":16,"left":16,"bottom":420},"compId":86},{"type":"Sprite","props":{"y":950,"x":450,"var":"skBG","runtime":"Common.UI.DolSkeleton","name":"skBG"},"compId":88,"child":[{"type":"Script","props":{"skin":"Limbo/m/common/spine/shu_xingkong.sk","listLoopType":"loop","defaultName":"xingkong","autoPlayName":"xingkong","autoPlayLoop":true,"runtime":"Common.Script.AddSkeletonScript"},"compId":89}]}]},{"type":"MyBetViewCell_v","props":{"var":"viewBet","name":"viewBet","runtime":"Limbo.View.LimboMyBetViewCell"},"compId":82},{"type":"Sprite","props":{"y":0,"x":0,"width":900,"var":"viewLoading","name":"viewLoading","height":1900},"compId":77,"child":[{"type":"Sprite","props":{"y":0,"x":0},"compId":78},{"type":"Animation","props":{"y":900,"x":420,"source":"Limbo/common/common/ani/loading.atlas","runtime":"Common.UI.DolAnimation","autoPlay":true},"compId":75,"child":[{"type":"Script","props":{"runtime":"Common.Script.AddAnimationScript"},"compId":76}]},{"type":"Script","props":{"maskTouchEvent":true,"maskColor":"#00000033","hasMask":true,"runtime":"Common.Script.AddSpriteDrawRectScript"},"compId":79}]},{"type":"ResultView_v","props":{"y":0,"x":0,"var":"viewResult","name":"viewResult","runtime":"Limbo.View.LimboResultView"},"compId":84},{"type":"HeaderView_v","props":{"y":0,"var":"viewHeader","right":0,"name":"viewHeader","left":0,"runtime":"BaseFSG.Base.View.HeaderView"},"compId":80}],"loadList":["Limbo/m/common/ui/img_frame01.jpg","Limbo/m/common/ui/img_frame01_1.png","Limbo/m/common/spine/shu_xingkong.sk","GameUI/Limbo/View/MyBetViewCell_v.scene","GameUI/Limbo/View/ResultView_v.scene","GameUI/Limbo/View/HeaderView_v.scene"],"loadList3D":[]}